query,country,year,1,2,3,4,5,6,7,8,9,10,11,12,avg,value
hiv,Australia,2004,2.2,2.2,2.75,2.75,3.3,2.2,1.65,3.3,2.2,2.75,2.75,2.2,2.5208333333,0.1
hiv,Australia,2005,1.65,2.2,2.2,2.2,2.75,2.2,1.65,2.2,2.2,2.2,2.75,1.65,2.1541666667,0.1
hiv,Australia,2006,1.65,1.65,1.65,2.2,2.2,2.2,1.65,2.2,2.2,2.2,1.65,1.1,1.8791666667,0.1
hiv,Australia,2007,1.1,1.65,1.65,1.65,2.2,1.65,1.65,1.65,1.65,1.65,1.65,1.65,1.65,0.1
hiv,Australia,2008,1.1,1.65,1.65,1.65,1.65,1.65,1.1,1.65,1.65,1.65,1.65,1.1,1.5125,0.1
hiv,Australia,2009,1.1,1.1,1.65,1.65,1.65,1.65,1.1,1.65,1.65,1.65,1.65,1.1,1.4666666667,0.1
hiv,Australia,2010,1.1,1.1,1.65,1.1,1.65,1.65,1.1,1.65,1.65,1.65,1.65,1.1,1.4208333333,0.2
hiv,Australia,2011,1.1,1.1,1.65,1.1,1.65,1.1,1.1,1.1,1.65,1.65,1.65,1.65,1.375,0.2
hiv,Australia,2012,1.1,1.1,1.65,1.1,1.65,1.1,1.1,1.65,1.65,1.65,1.1,1.1,1.3291666667,0.2
hiv,Australia,2013,1.1,1.1,1.65,1.1,1.1,1.1,1.1,1.65,2.2,1.65,1.65,1.1,1.375,0.2
hiv,Bangladesh,2004,0,0,0,0,0,0,0,0,0,0,0,0,0,0.1
hiv,Bangladesh,2005,0,0,0,0,0,0,0,0,0,0,0,0,0,0.1
hiv,Bangladesh,2006,0,0,0,0,0,0,0,0,0,0,0,0,0,0.1
hiv,Bangladesh,2007,0,0,0,0,0,0,7.7,7.7,9.9,5.5,5.5,5.5,3.4833333333,0.1
hiv,Bangladesh,2008,5.5,6.05,6.6,5.5,5.5,6.6,7.15,5.5,6.05,7.15,6.05,0,5.6375,0.1
hiv,Bangladesh,2009,0,0,0,0,0,0,4.4,0,0,0,0,0,0.3666666667,0.1
hiv,Bangladesh,2010,0,3.85,4.95,0,0,0,0,0,0,2.75,3.3,3.85,1.5583333333,0.1
hiv,Bangladesh,2011,1.1,2.2,2.2,1.65,1.65,2.2,1.65,1.65,1.65,1.1,1.1,1.65,1.65,0.1
hiv,Bangladesh,2012,1.1,1.1,1.1,1.65,1.1,1.1,1.1,1.1,1.1,1.1,1.1,1.1,1.1458333333,0.1
hiv,Bangladesh,2013,0.55,1.1,1.1,1.1,1.1,0.55,1.1,1.1,1.1,1.1,1.1,1.1,1.0083333333,0.1
hiv,Botswana,2004,0,0,0,0,0,0,0,0,0,0,0,0,0,25.9
hiv,Botswana,2005,0,0,0,0,0,0,0,0,0,0,0,0,0,25.4
hiv,Botswana,2006,0,0,0,0,0,0,0,0,0,0,0,0,0,24.9
hiv,Botswana,2007,0,0,0,0,0,46.75,43.45,43.45,45.1,35.75,35.75,34.65,23.7416666667,24.5
hiv,Botswana,2008,34.65,55,29.15,35.75,29.15,29.15,31.9,33.55,34.65,39.6,36.3,35.75,35.3833333333,24.1
hiv,Botswana,2009,36.85,25.3,43.45,24.75,19.8,31.35,25.85,31.9,41.25,53.9,34.65,39.05,34.0083333333,23.6
hiv,Botswana,2010,23.65,42.35,31.35,51.7,32.45,30.25,31.35,24.2,36.85,23.1,27.5,31.35,32.175,23.2
hiv,Botswana,2011,30.25,43.45,33,35.75,30.25,19.8,24.75,29.15,31.9,36.3,34.65,22.55,30.9833333333,22.8
hiv,Botswana,2012,33,31.9,39.6,34.65,20.35,23.65,19.25,27.5,27.5,28.05,24.2,29.15,28.2333333333,22.4
hiv,Botswana,2013,20.35,18.15,30.8,25.85,18.15,26.4,28.05,23.1,30.25,25.3,31.35,19.8,24.7958333333,21.9
hiv,Cameroon,2004,0,0,0,0,0,0,0,0,0,0,0,0,0,5.3
hiv,Cameroon,2005,0,0,0,0,0,0,0,0,0,0,0,0,0,5.2
hiv,Cameroon,2006,0,0,0,0,0,0,0,0,0,0,0,0,0,5.1
hiv,Cameroon,2007,0,0,0,0,0,0,0,0,0,0,20.9,0,1.7416666667,5
hiv,Cameroon,2008,0,0,0,0,0,0,0,0,12.65,0,0,0,1.0541666667,4.9
hiv,Cameroon,2009,0,0,0,0,0,0,0,0,0,0,0,0,0,4.8
hiv,Cameroon,2010,0,0,0,0,0,0,0,0,0,11.55,5.5,5.5,1.8791666667,4.7
hiv,Cameroon,2011,5.5,5.5,5.5,6.05,6.6,6.6,6.6,2.75,2.75,2.75,7.15,6.6,5.3625,4.5
hiv,Cameroon,2012,6.05,3.85,7.15,4.95,6.05,6.6,4.95,3.3,4.4,4.95,5.5,7.7,5.4541666667,4.4
hiv,Cameroon,2013,6.05,4.4,3.85,4.4,6.05,6.6,4.4,4.4,3.3,4.95,4.95,4.95,4.8583333333,4.3
hiv,Canada,2004,2.2,2.2,2.75,3.3,2.75,2.2,2.2,1.65,1.65,2.2,2.2,2.2,2.2916666667,
hiv,Canada,2005,1.65,2.75,2.75,2.2,2.2,2.2,1.65,1.65,1.65,2.2,2.75,1.65,2.1083333333,
hiv,Canada,2006,2.2,2.2,2.2,2.2,2.2,1.65,1.65,2.2,1.65,1.65,1.65,1.65,1.925,
hiv,Canada,2007,1.65,2.2,2.2,1.65,1.65,1.65,1.65,1.1,1.65,1.65,1.65,1.65,1.6958333333,
hiv,Canada,2008,1.65,1.65,1.65,1.65,1.65,1.65,1.1,1.1,1.1,1.65,1.65,1.65,1.5125,
hiv,Canada,2009,1.65,1.65,1.65,1.65,1.65,1.65,1.65,1.65,1.65,1.65,1.65,1.65,1.65,
hiv,Canada,2010,1.65,1.65,1.65,1.65,1.65,1.65,1.65,1.65,1.65,1.65,1.65,2.2,1.6958333333,
hiv,Canada,2011,1.65,1.65,1.65,1.65,1.1,1.1,1.1,1.65,1.65,1.65,1.65,1.65,1.5125,
hiv,Canada,2012,1.1,1.65,1.65,1.1,1.1,1.65,1.65,1.1,1.1,1.65,1.65,1.1,1.375,
hiv,Canada,2013,1.1,1.1,2.2,1.1,1.1,1.1,1.1,1.1,1.65,1.65,1.65,1.65,1.375,
hiv,Denmark,2004,2.47,1.71,1.71,1.9,1.52,2.28,1.52,1.52,2.09,1.33,1.9,2.09,1.8366666667,0.1
hiv,Denmark,2005,1.52,1.52,1.14,1.71,1.52,1.33,0.76,1.33,1.52,1.9,1.9,1.71,1.4883333333,0.1
hiv,Denmark,2006,1.71,1.33,1.9,1.33,1.52,1.14,1.33,1.14,1.14,1.14,1.33,1.71,1.3933333333,0.1
hiv,Denmark,2007,1.33,1.71,1.71,1.71,1.14,1.33,0.95,1.52,1.14,1.14,1.33,1.52,1.3775,0.1
hiv,Denmark,2008,1.14,1.52,1.9,1.52,1.14,1.14,0.76,1.14,1.14,1.33,1.14,1.14,1.2508333333,0.2
hiv,Denmark,2009,1.52,1.52,1.52,0.95,1.14,1.14,0.76,1.14,1.14,1.14,1.33,1.14,1.2033333333,0.2
hiv,Denmark,2010,0.95,1.14,1.33,1.14,1.33,1.14,0.95,1.14,1.33,1.14,1.33,1.14,1.1716666667,0.2
hiv,Denmark,2011,0.95,1.14,1.14,0.95,1.14,0.76,1.14,0.95,0.76,0.95,1.33,1.33,1.045,0.2
hiv,Denmark,2012,1.14,0.95,1.33,1.14,0.95,0.95,0.95,0.95,0.95,1.71,1.14,1.14,1.1083333333,0.2
hiv,Denmark,2013,1.14,1.14,1.14,0.95,0.76,1.14,0.76,0.76,0.95,1.14,1.14,1.33,1.0291666667,0.2
hiv,Egypt,2004,0,0,0,0,0,0,0,0,0,0,0,0,0,0.1
hiv,Egypt,2005,0,0,0,0,0,0,0,0,0,0,0,0,0,0.1
hiv,Egypt,2006,0,0,1.52,0,0,0,0,0,0,0,0,0.95,0.2058333333,0.1
hiv,Egypt,2007,0.57,0.57,0.57,0.57,0.57,0.57,0.57,0.57,0.57,0.57,0.38,0.38,0.5383333333,0.1
hiv,Egypt,2008,0.38,0.57,0.76,0.38,0.19,0.19,0.38,0.38,0.38,0.38,0.57,0.57,0.4275,0.1
hiv,Egypt,2009,0.19,0.38,0.57,0.38,0.38,0.38,0.19,0.19,0.19,0.57,0.38,0.19,0.3325,0.1
hiv,Egypt,2010,0.19,0.19,0.19,0.38,0.19,0.19,0.19,0.19,0.19,0.19,0.38,0.38,0.2375,0.1
hiv,Egypt,2011,0.19,0.19,0.19,0.19,0.19,0.19,0.19,0.19,0.19,0.19,0.19,0.19,0.19,0.1
hiv,Egypt,2012,0.19,0.19,0.19,0.19,0.19,0.19,0.19,0.19,0.19,0.19,0.38,0.19,0.2058333333,0.1
hiv,Egypt,2013,0.19,0.19,0.38,0.19,0.19,0.19,0.19,0.19,0.19,0.19,0.19,0.19,0.2058333333,0.1
hiv,Estonia,2004,0,0,0,0,0,0,0,0,0,0,0,0,0,0.9
hiv,Estonia,2005,0,0,0,0,0,0,0,0,0,0,0,0,0,1
hiv,Estonia,2006,0,0,0,0,0,0,0,0,0,0,0,0,0,1.1
hiv,Estonia,2007,0,0,2.28,0,0,0,0,0,0,0,3.42,2.09,0.6491666667,1.1
hiv,Estonia,2008,3.04,2.66,2.66,1.9,2.09,1.9,1.9,1.9,1.71,2.28,2.28,2.66,2.2483333333,1.2
hiv,Estonia,2009,1.9,1.52,1.9,2.09,1.9,1.52,1.52,1.14,1.9,2.66,3.61,3.04,2.0583333333,1.2
hiv,Estonia,2010,2.09,1.33,1.71,2.28,4.56,3.8,2.47,2.28,2.09,2.09,2.66,3.04,2.5333333333,1.2
hiv,Estonia,2011,1.9,2.28,2.66,1.52,3.04,2.09,1.9,1.71,3.23,1.71,2.47,2.47,2.2483333333,1.2
hiv,Estonia,2012,2.47,1.71,1.9,1.52,1.71,1.71,1.71,1.33,1.52,1.33,2.28,1.52,1.7258333333,1.3
hiv,Estonia,2013,1.52,2.66,1.9,1.9,1.14,1.71,1.71,1.33,1.33,1.71,1.71,1.71,1.6941666667,1.3
hiv,Fiji,2004,0,0,0,0,0,0,0,0,0,0,0,0,0,0.1
hiv,Fiji,2005,0,0,0,0,0,0,0,0,0,0,0,0,0,0.1
hiv,Fiji,2006,0,0,0,0,0,0,0,0,0,0,0,0,0,0.1
hiv,Fiji,2007,0,0,0,0,0,0,0,0,0,0,0,0,0,0.1
hiv,Fiji,2008,0,0,0,0,19,0,0,0,0,0,0,0,1.5833333333,0.1
hiv,Fiji,2009,0,0,0,0,0,0,0,0,0,0,0,0,0,0.1
hiv,Fiji,2010,0,0,0,0,0,0,0,0,0,0,0,0,0,0.1
hiv,Fiji,2011,0,0,0,0,0,0,0,11.02,9.12,0,0,0,1.6783333333,0.1
hiv,Fiji,2012,0,0,10.64,9.88,9.88,0,0,0,0,0,0,0,2.5333333333,0.1
hiv,Fiji,2013,0,0,0,8.17,6.65,9.69,6.08,5.89,5.89,6.08,6.65,7.41,5.2091666667,0.1
hiv,Germany,2004,1.33,1.14,1.52,1.71,1.71,1.33,1.33,1.14,1.33,1.33,1.52,1.33,1.3933333333,0.1
hiv,Germany,2005,1.33,1.52,1.33,1.33,1.33,1.52,1.14,1.14,1.14,1.33,1.52,1.52,1.3458333333,0.1
hiv,Germany,2006,1.33,1.33,1.14,1.14,1.52,1.33,1.14,1.14,1.14,1.14,1.14,1.33,1.235,0.1
hiv,Germany,2007,1.14,1.33,1.14,1.14,1.14,1.52,1.14,1.14,1.14,1.14,1.52,1.33,1.235,0.1
hiv,Germany,2008,1.33,1.33,1.14,1.14,1.14,1.33,1.14,1.14,1.14,1.14,1.52,1.33,1.235,0.1
hiv,Germany,2009,1.33,1.14,1.14,3.04,1.52,1.33,1.33,1.14,1.14,1.14,1.33,1.33,1.4091666667,0.1
hiv,Germany,2010,1.33,1.33,1.14,1.14,1.14,1.14,1.14,1.52,1.33,1.33,1.33,1.33,1.2666666667,0.1
hiv,Germany,2011,1.14,1.14,1.14,1.14,1.33,1.33,1.14,1.14,1.14,1.14,1.33,1.33,1.2033333333,0.1
hiv,Germany,2012,1.14,1.14,1.14,1.14,1.33,1.33,1.33,1.14,1.14,1.14,1.33,1.33,1.2191666667,0.2
hiv,Germany,2013,1.33,1.14,1.33,1.14,1.14,1.14,1.14,1.14,1.33,1.33,1.33,1.33,1.235,
hiv,Ghana,2004,0,0,0,0,0,0,0,0,0,0,0,0,0,2.1
hiv,Ghana,2005,0,0,0,0,0,0,0,0,0,0,0,0,0,2
hiv,Ghana,2006,0,0,0,0,0,35,18.55,18.55,18.55,15.4,15.4,20.3,11.8125,1.9
hiv,Ghana,2007,12.95,12.95,12.95,14.7,16.8,16.45,16.45,12.95,10.85,11.9,10.15,10.85,13.3291666667,1.8
hiv,Ghana,2008,11.55,10.85,16.1,14.7,9.8,13.65,10.85,13.65,10.85,12.25,11.55,8.75,12.0458333333,1.7
hiv,Ghana,2009,10.15,8.05,12.6,13.65,7.35,9.8,8.05,9.45,10.85,14.35,14.35,12.95,10.9666666667,1.6
hiv,Ghana,2010,8.75,8.75,9.8,15.05,9.1,10.5,16.1,9.8,12.6,9.8,14.7,10.15,11.2583333333,1.5
hiv,Ghana,2011,8.05,5.6,11.9,9.45,8.05,9.1,9.1,7.35,8.4,10.5,15.4,10.5,9.45,1.4
hiv,Ghana,2012,8.75,9.8,10.5,8.4,8.75,9.1,10.5,8.05,7.35,7.35,12.25,7,8.9833333333,1.4
hiv,Ghana,2013,7,8.75,6.65,7.7,7.7,8.4,7.7,6.65,8.05,9.45,10.15,8.05,8.0208333333,1.3
hiv,Greece,2004,0,0,0,0,0,0,0,0,0,0,0,2.45,0.2041666667,
hiv,Greece,2005,2.1,2.1,2.1,1.75,1.75,1.75,1.4,2.1,2.45,1.05,2.1,1.75,1.8666666667,
hiv,Greece,2006,1.05,1.75,3.5,2.1,2.1,1.75,1.4,1.4,1.75,1.4,1.4,1.75,1.7791666667,
hiv,Greece,2007,1.05,1.05,1.4,1.05,1.4,1.75,1.75,1.4,1.75,1.4,1.4,1.4,1.4,
hiv,Greece,2008,1.05,1.4,1.4,1.05,0.7,1.05,1.05,0.7,1.05,1.05,1.4,1.75,1.1375,
hiv,Greece,2009,1.4,1.4,1.05,1.4,1.05,1.05,1.05,1.05,1.4,1.05,1.4,0.7,1.1666666667,
hiv,Greece,2010,1.05,1.05,0.7,1.05,1.05,1.05,1.05,1.05,1.05,1.05,1.05,1.4,1.05,
hiv,Greece,2011,1.05,0.7,0.7,0.7,0.7,0.7,0.7,0.7,1.05,0.7,0.7,1.05,0.7875,
hiv,Greece,2012,1.05,0.7,0.7,1.05,2.8,1.05,1.05,1.05,0.7,0.7,0.7,1.05,1.05,
hiv,Greece,2013,0.7,0.7,1.05,0.7,0.7,0.7,0.7,0.7,1.05,0.7,0.7,0.7,0.7583333333,
hiv,India,2004,4.2,4.2,5.6,4.55,4.55,4.2,5.25,4.9,4.55,4.55,4.9,5.95,4.7833333333,0.4
hiv,India,2005,4.55,5.25,4.9,3.85,4.9,4.55,5.25,4.55,4.2,4.2,5.25,5.6,4.7541666667,0.4
hiv,India,2006,4.2,4.55,4.2,3.85,3.5,4.2,3.85,3.85,3.85,3.85,4.2,3.85,3.9958333333,0.4
hiv,India,2007,3.85,3.5,3.85,3.15,2.8,2.8,3.5,3.15,2.8,3.5,3.5,3.5,3.325,0.3
hiv,India,2008,3.15,3.15,2.8,2.8,2.45,2.45,2.45,2.8,2.8,2.8,3.15,3.15,2.8291666667,0.3
hiv,India,2009,2.8,3.15,2.8,2.45,2.45,2.1,2.1,2.45,2.45,2.1,2.45,2.45,2.4791666667,0.3
hiv,India,2010,2.1,2.45,2.1,2.1,1.75,1.75,1.75,1.75,1.75,1.75,2.1,1.75,1.925,0.3
hiv,India,2011,1.75,2.1,1.75,1.4,1.4,1.4,1.4,1.75,1.75,1.4,1.75,1.75,1.6333333333,0.3
hiv,India,2012,1.4,1.4,1.4,1.4,1.4,1.4,1.4,1.4,1.4,1.4,1.4,1.4,1.4,0.3
hiv,India,2013,1.4,1.75,1.75,1.4,1.05,1.05,1.4,1.4,1.4,1.4,1.75,1.4,1.4291666667,0.3
hiv,Iraq,2004,0,0,0,0,0,0,0,0,0,0,0,0,0,
hiv,Iraq,2005,0,0,0,0,0,0,0,0,0,0,0,0,0,
hiv,Iraq,2006,0,0,0,0,0,0,0,0,0,0,0,0,0,
hiv,Iraq,2007,0,0,0,0,0,0,0,0,0,0,0,0,0,
hiv,Iraq,2008,0,0,0,0,0,0,0,0,0,0,0,0,0,
hiv,Iraq,2009,0,0,0,0,0,0,0,0,0,0,0,0,0,
hiv,Iraq,2010,0,0,0,0,0,0,0,0,0,0,0,0,0,
hiv,Iraq,2011,0,0,0,0,0.7,0.7,0.7,0.7,0.7,0.7,0.7,0.7,0.4666666667,
hiv,Iraq,2012,0.35,0.35,0.35,0.35,0.35,0.35,0.35,0.35,0.35,0.35,0.35,0.35,0.35,
hiv,Iraq,2013,0.35,0.35,0.35,0,0,0,0,0,0,0,0.35,0.35,0.1458333333,
hiv,Ireland,2004,2.45,3.15,3.5,3.85,2.45,2.8,2.1,2.45,2.8,3.15,2.45,2.8,2.8291666667,
hiv,Ireland,2005,2.45,2.45,2.45,3.15,1.75,1.75,2.1,3.15,1.4,2.8,2.1,2.1,2.3041666667,
hiv,Ireland,2006,1.75,1.4,2.1,1.75,2.8,2.1,1.75,1.4,1.75,1.75,2.45,1.75,1.8958333333,
hiv,Ireland,2007,1.4,2.1,1.4,1.75,1.75,1.4,1.4,1.4,2.1,2.1,1.75,2.1,1.7208333333,
hiv,Ireland,2008,1.05,1.4,2.1,1.75,1.4,1.05,1.05,1.05,1.4,1.75,1.75,1.75,1.4583333333,
hiv,Ireland,2009,1.4,1.4,1.4,1.4,1.4,1.05,1.4,1.05,1.4,1.4,1.4,1.75,1.3708333333,
hiv,Ireland,2010,1.4,1.05,1.75,1.4,1.05,1.4,1.4,1.75,1.75,1.75,1.75,1.75,1.5166666667,
hiv,Ireland,2011,1.4,1.4,1.75,1.05,1.4,1.4,1.05,1.05,1.4,1.4,1.75,1.75,1.4,
hiv,Ireland,2012,1.4,1.4,1.4,1.4,1.4,1.05,1.05,1.4,1.05,1.4,1.4,1.75,1.3416666667,
hiv,Ireland,2013,1.05,1.4,1.75,1.05,1.4,1.05,1.05,1.4,1.4,1.4,1.75,1.4,1.3416666667,
hiv,Jamaica,2004,0,0,0,0,0,0,0,0,0,0,0,0,0,
hiv,Jamaica,2005,0,25.42,0,0,0,0,0,0,0,0,0,0,2.1183333333,
hiv,Jamaica,2006,18.6,17.36,19.22,19.84,0,0,0,0,0,0,9.92,11.78,8.06,
hiv,Jamaica,2007,9.3,9.3,8.68,11.16,6.82,8.06,9.3,11.16,7.44,16.12,17.98,10.54,10.4883333333,
hiv,Jamaica,2008,6.2,6.2,6.2,10.54,4.96,9.3,8.68,8.68,10.54,16.74,16.12,9.3,9.455,
hiv,Jamaica,2009,9.92,5.58,13.64,9.3,8.68,11.78,9.3,8.06,10.54,14.26,14.26,11.16,10.54,
hiv,Jamaica,2010,12.4,14.26,15.5,13.02,9.92,9.3,6.82,9.3,14.88,12.4,14.26,13.02,12.09,
hiv,Jamaica,2011,8.68,11.78,11.78,13.02,9.3,11.78,16.12,9.92,10.54,14.88,18.6,14.26,12.555,
hiv,Jamaica,2012,12.4,16.74,15.5,12.4,9.92,9.3,11.16,5.58,8.68,9.3,11.78,8.68,10.9533333333,
hiv,Jamaica,2013,8.06,8.68,12.4,11.16,12.4,8.06,7.44,8.68,9.3,8.68,11.16,8.06,9.5066666667,
hiv,Jordan,2004,0,0,0,0,0,0,0,0,0,0,0,0,0,
hiv,Jordan,2005,0,0,0,0,0,0,0,0,0,0,0,0,0,
hiv,Jordan,2006,0,0,0,0,0,0,0,0,0,0,0,0,0,
hiv,Jordan,2007,0,0,0,0,0,0,0,0,0,0,0,0,0,
hiv,Jordan,2008,0,0,0,0,0,0,0,0,0,0,0,0,0,
hiv,Jordan,2009,0,0,0,0,0,0,0,0,0,0,0,0,0,
hiv,Jordan,2010,0,0,0,0,0,0,0,0,0,0,0,0,0,
hiv,Jordan,2011,0,0.62,0.62,0.62,0.62,0.62,0.62,0.62,0.62,0.62,0.62,0.62,0.5683333333,
hiv,Jordan,2012,0.62,0.62,0.62,0.62,0.62,0.62,0.62,0.62,0.62,0.62,0.62,0.62,0.62,
hiv,Jordan,2013,0.62,0.62,0.62,0.62,0.62,0,0,0,0,0.62,0.62,0.62,0.4133333333,
hiv,Kenya,2004,28.52,49.6,42.16,42.16,29.76,35.34,31,34.1,37.2,36.58,39.06,27.9,36.115,7
hiv,Kenya,2005,27.28,34.72,38.44,44.64,42.16,38.44,52.7,41.54,42.16,43.4,40.92,35.96,40.1966666667,6.6
hiv,Kenya,2006,28.52,38.44,48.98,37.82,40.3,42.16,44.64,27.9,27.28,26.04,27.9,23.56,34.4616666667,6.3
hiv,Kenya,2007,23.56,28.52,26.66,21.08,28.52,19.84,31,21.7,27.9,34.72,32.24,26.66,26.8666666667,6.2
hiv,Kenya,2008,26.04,33.48,32.24,29.14,32.24,39.06,31.62,26.66,25.42,29.76,24.8,24.18,29.5533333333,6.1
hiv,Kenya,2009,22.32,34.1,34.72,27.9,29.76,35.34,32.24,23.56,24.18,38.44,42.78,31.62,31.4133333333,6
hiv,Kenya,2010,27.9,34.72,31.62,29.14,30.38,35.96,32.86,27.9,26.66,27.9,34.1,27.9,30.5866666667,6
hiv,Kenya,2011,21.08,33.48,29.76,26.04,25.42,30.38,29.14,19.22,24.18,29.76,27.28,22.94,26.5566666667,6.1
hiv,Kenya,2012,24.8,29.14,30.38,24.8,21.7,26.66,23.56,22.32,17.98,25.42,22.32,19.22,24.025,6.1
hiv,Kenya,2013,17.98,22.32,17.36,17.36,18.6,17.98,18.6,16.74,17.36,21.08,19.84,13.64,18.2383333333,6
hiv,Lesotho,2004,0,0,0,0,0,0,0,0,0,0,0,0,0,2.6
hiv,Lesotho,2005,0,0,0,0,0,0,0,0,0,0,0,0,0,2.4
hiv,Lesotho,2006,0,0,0,0,0,0,0,0,0,0,0,0,0,2.1
hiv,Lesotho,2007,0,0,0,0,0,0,0,0,0,0,0,0,0,1.9
hiv,Lesotho,2008,0,0,0,0,0,0,0,0,0,0,0,0,0,1.7
hiv,Lesotho,2009,0,0,0,0,0,0,0,0,0,0,0,0,0,1.5
hiv,Lesotho,2010,0,0,0,0,0,0,0,0,0,0,0,0,0,1.4
hiv,Lesotho,2011,0,0,57.04,0,0,0,0,0,0,0,0,0,4.7533333333,1.3
hiv,Lesotho,2012,0,0,0,51.46,0,0,0,0,0,42.78,39.06,39.06,14.3633333333,1.2
hiv,Lesotho,2013,39.06,39.06,47.12,26.04,17.36,28.52,39.06,36.58,62,44.02,31,28.52,36.5283333333,1.1
hiv,Liberia,2004,0,0,0,0,0,0,0,0,0,0,0,0,0,22.1
hiv,Liberia,2005,0,0,0,0,0,0,0,0,0,0,0,0,0,22
hiv,Liberia,2006,0,0,0,0,0,0,0,0,0,0,0,0,0,21.9
hiv,Liberia,2007,0,0,0,0,0,0,0,0,0,0,0,0,0,22
hiv,Liberia,2008,0,0,0,0,0,0,0,0,0,0,0,0,0,22.3
hiv,Liberia,2009,0,0,0,0,0,0,0,0,0,0,0,0,0,22.5
hiv,Liberia,2010,0,0,0,0,0,0,0,0,0,0,0,0,0,22.7
hiv,Liberia,2011,0,0,0,0,0,0,0,0,0,0,0,0,0,22.8
hiv,Liberia,2012,0,0,0,0,0,0,0,0,0,0,0,0,0,22.9
hiv,Liberia,2013,0,0,0,0,0,12.4,13.02,13.02,13.64,14.88,15.5,16.74,8.2666666667,22.9
hiv,Malaysia,2004,0,5,3,3,3,5,5,4,4,3,4,3,3.5,0.4
hiv,Malaysia,2005,3,4,4,4,2,3,4,5,5,2,3,2,3.4166666667,0.4
hiv,Malaysia,2006,3,5,4,2,3,3,4,2,3,3,2,2,3,0.4
hiv,Malaysia,2007,3,4,2,2,2,2,2,3,2,2,3,2,2.4166666667,0.4
hiv,Malaysia,2008,3,3,2,2,2,2,2,2,3,3,2,2,2.3333333333,0.4
hiv,Malaysia,2009,2,3,3,2,2,2,2,2,2,2,2,2,2.1666666667,0.4
hiv,Malaysia,2010,2,2,2,2,2,2,2,2,2,2,2,2,2,0.4
hiv,Malaysia,2011,2,2,2,2,1,2,2,2,2,2,2,4,2.0833333333,0.4
hiv,Malaysia,2012,2,2,2,2,2,2,2,2,2,2,2,2,2,0.4
hiv,Malaysia,2013,2,2,2,2,2,2,2,2,2,2,2,2,2,0.4
hiv,Malawi,2004,0,0,0,0,0,0,0,0,0,0,0,0,0,15.9
hiv,Malawi,2005,0,0,0,0,0,0,0,0,0,0,0,0,0,15.2
hiv,Malawi,2006,0,0,0,0,0,0,0,0,0,0,0,0,0,14.5
hiv,Malawi,2007,0,0,0,0,0,81,91,100,0,0,0,0,22.6666666667,13.8
hiv,Malawi,2008,0,0,0,0,64,0,0,0,0,0,0,0,5.3333333333,13.2
hiv,Malawi,2009,0,0,0,75,80,86,91,74,74,74,0,0,46.1666666667,12.5
hiv,Malawi,2010,0,0,0,0,0,0,0,0,0,0,0,0,0,12
hiv,Malawi,2011,35,27,38,20,37,37,36,37,44,20,34,27,32.6666666667,11.4
hiv,Malawi,2012,30,32,38,24,25,31,34,27,25,23,23,22,27.8333333333,10.8
hiv,Malawi,2013,25,24,27,36,21,28,24,21,23,29,29,33,26.6666666667,10.3
hiv,Namibia,2004,0,0,0,0,0,0,0,0,0,0,0,0,0,16.7
hiv,Namibia,2005,0,0,0,0,0,0,0,0,0,0,0,0,0,16.4
hiv,Namibia,2006,0,0,0,0,0,0,0,0,0,79,0,0,6.5833333333,15.9
hiv,Namibia,2007,0,0,0,54,52,52,52,35,35,35,35,0,29.1666666667,15.5
hiv,Namibia,2008,0,0,0,0,0,32,35,38,41,45,38,38,22.25,15.3
hiv,Namibia,2009,38,38,38,36,36,36,43,26,26,31,36,41,35.4166666667,15
hiv,Namibia,2010,47,53,49,49,45,45,45,45,17,17,17,17,37.1666666667,14.8
hiv,Namibia,2011,17,31,36,30,20,18,23,35,31,25,32,20,26.5,14.6
hiv,Namibia,2012,18,20,30,24,19,26,26,25,22,33,24,14,23.4166666667,14.5
hiv,Namibia,2013,17,27,24,16,18,18,21,29,24,33,23,17,22.25,14.3
hiv,Netherlands,2004,1,1,2,2,2,1,1,2,1,1,1,2,1.4166666667,
hiv,Netherlands,2005,2,2,1,1,1,2,1,1,1,2,1,1,1.3333333333,
hiv,Netherlands,2006,1,2,1,1,1,1,1,1,1,1,2,1,1.1666666667,
hiv,Netherlands,2007,2,1,1,1,1,2,1,1,1,1,1,1,1.1666666667,
hiv,Netherlands,2008,1,1,1,1,1,1,1,1,1,1,1,1,1,
hiv,Netherlands,2009,1,1,1,1,1,1,1,1,1,1,1,1,1,
hiv,Netherlands,2010,1,1,1,1,1,1,1,1,1,1,1,1,1,
hiv,Netherlands,2011,1,1,1,1,1,1,1,1,1,1,1,1,1,
hiv,Netherlands,2012,1,1,1,1,1,1,1,1,1,1,1,1,1,
hiv,Netherlands,2013,1,1,1,1,1,1,1,1,1,1,1,1,1,
hiv,New Zealand,2004,0,0,2,3,2,2,2,1,2,2,1,2,1.5833333333,
hiv,New Zealand,2005,2,2,2,2,2,1,2,2,1,2,2,1,1.75,
hiv,New Zealand,2006,1,2,2,1,1,1,1,2,2,1,2,1,1.4166666667,
hiv,New Zealand,2007,1,2,1,1,1,1,1,1,1,1,1,1,1.0833333333,
hiv,New Zealand,2008,0,1,2,2,1,1,1,1,1,2,1,1,1.1666666667,
hiv,New Zealand,2009,1,1,1,1,1,2,1,1,1,1,1,1,1.0833333333,
hiv,New Zealand,2010,1,1,1,1,2,1,1,2,1,1,1,1,1.1666666667,
hiv,New Zealand,2011,1,1,1,1,1,1,1,1,1,1,1,1,1,
hiv,New Zealand,2012,1,1,1,1,2,1,1,1,1,1,1,1,1.0833333333,
hiv,New Zealand,2013,1,1,1,1,1,1,1,1,1,1,1,1,1,
hiv,Nigeria,2004,0,0,0,0,0,18.03,19.14,20.61,17.66,16.93,17.66,18.77,10.7333333333,3.8
hiv,Nigeria,2005,18.77,14.72,16.56,22.08,13.25,17.3,23.55,29.81,12.51,15.82,18.77,16.19,18.2773333333,3.8
hiv,Nigeria,2006,25.76,13.25,12.51,10.3,23.92,23.92,23.55,16.56,12.88,13.98,11.41,14.35,16.8666666667,3.7
hiv,Nigeria,2007,13.62,10.3,13.25,13.98,13.25,16.56,11.04,12.51,12.51,15.46,19.14,9.94,13.4626666667,3.7
hiv,Nigeria,2008,7.36,16.93,13.25,15.82,16.19,12.88,11.41,12.88,12.88,12.14,17.66,15.82,13.7693333333,3.6
hiv,Nigeria,2009,14.72,13.98,11.41,14.72,16.93,13.62,12.14,9.2,15.09,18.77,18.4,18.77,14.812,3.6
hiv,Nigeria,2010,14.35,16.19,12.51,10.67,18.4,14.72,13.25,15.82,16.19,14.72,15.82,12.51,14.5973333333,3.5
hiv,Nigeria,2011,10.67,12.88,12.51,8.46,12.88,13.98,12.51,11.04,12.14,13.98,15.09,12.14,12.3586666667,3.4
hiv,Nigeria,2012,10.3,12.14,11.04,8.83,12.14,10.67,11.04,10.3,10.67,12.14,12.51,9.94,10.9786666667,3.3
hiv,Nigeria,2013,12.88,10.3,11.04,9.94,10.67,9.94,10.3,8.83,10.3,11.78,11.41,8.83,10.5186666667,3.2
hiv,Pakistan,2004,0,0,0,0,0,0,0,0,0,0,0,0,0,0.1
hiv,Pakistan,2005,0,0,0,4.78,0,0,0,0,0,0,0,0,0.3986666667,0.1
hiv,Pakistan,2006,0,0,0,0,2.94,2.58,2.58,2.58,3.68,4.42,5.15,2.58,2.208,0.1
hiv,Pakistan,2007,2.58,2.58,2.58,2.94,2.94,1.47,2.21,1.84,1.84,2.21,1.47,2.21,2.2386666667,0.1
hiv,Pakistan,2008,1.84,1.84,1.47,1.47,1.84,1.47,1.1,1.47,1.47,1.47,1.84,1.84,1.5946666667,0.1
hiv,Pakistan,2009,1.84,1.84,1.84,1.84,2.21,1.47,1.47,1.47,1.47,0.74,1.47,1.1,1.564,0.1
hiv,Pakistan,2010,1.1,1.1,1.1,1.47,1.1,1.1,1.47,1.1,1.47,1.1,1.84,1.1,1.2573333333,0.1
hiv,Pakistan,2011,0.74,0.74,1.1,0.74,0.74,0.74,0.74,0.37,0.74,0.74,0.74,0.74,0.736,0.1
hiv,Pakistan,2012,0.74,0.37,0.74,0.74,0.74,0.74,0.37,0.74,0.37,0.74,0.74,0.74,0.644,0.1
hiv,Pakistan,2013,0.37,0.37,0.37,0.37,0.74,0.37,0.37,0.37,0.37,0.37,0.74,0.74,0.46,0.1
hiv,Philippines,2004,0,3.31,3.31,3.31,2.58,2.58,2.58,2.21,3.31,4.05,2.94,3.31,2.7906666667,
hiv,Philippines,2005,3.31,2.94,4.05,2.21,1.84,2.21,2.21,2.58,2.58,3.31,3.31,2.58,2.76,
hiv,Philippines,2006,2.94,5.15,3.31,2.94,2.94,2.21,2.21,1.84,3.31,2.58,1.84,1.47,2.7293333333,
hiv,Philippines,2007,2.21,2.21,2.21,1.47,1.1,1.47,1.84,1.47,1.84,2.21,1.84,2.21,1.84,
hiv,Philippines,2008,2.94,2.21,1.84,1.84,2.21,1.84,1.47,1.84,2.21,1.84,1.47,3.31,2.0853333333,
hiv,Philippines,2009,2.21,2.21,2.58,2.58,2.58,1.84,1.84,1.84,1.84,1.47,1.47,2.21,2.0546666667,
hiv,Philippines,2010,2.58,6.62,5.89,2.58,2.94,1.84,2.58,1.84,2.58,2.58,2.58,2.94,3.128,
hiv,Philippines,2011,2.21,2.21,2.21,2.21,1.84,2.21,2.94,2.21,2.58,2.58,2.58,5.52,2.6066666667,
hiv,Philippines,2012,2.58,2.58,2.58,1.47,1.47,2.58,2.94,2.21,2.58,2.58,2.58,3.68,2.484,
hiv,Philippines,2013,2.58,2.58,2.58,2.21,2.21,2.94,4.05,2.94,3.31,3.68,2.94,2.94,2.9133333333,
hiv,Puerto Rico,2004,0,0,0,0,0,0,0,0,0,0,0,0,0,
hiv,Puerto Rico,2005,0,0,0,0,0,0,0,0,0,0,0,0,0,
hiv,Puerto Rico,2006,0,0,5.89,4.05,4.42,0,0,0,0,0,4.05,3.31,1.8093333333,
hiv,Puerto Rico,2007,3.31,3.31,2.94,3.68,4.42,2.94,2.94,5.15,2.58,1.84,3.68,3.31,3.3426666667,
hiv,Puerto Rico,2008,1.84,1.84,1.84,2.58,2.58,3.31,2.21,2.58,2.58,2.58,2.58,2.21,2.392,
hiv,Puerto Rico,2009,2.21,3.31,2.21,2.21,1.84,1.47,1.47,1.47,1.84,1.84,2.94,2.21,2.0853333333,
hiv,Puerto Rico,2010,1.84,1.84,2.21,2.21,2.58,2.58,2.21,1.47,1.84,2.58,1.47,1.47,2.024,
hiv,Puerto Rico,2011,1.47,1.47,2.21,1.47,1.84,1.84,1.84,2.58,1.84,1.47,2.94,1.47,1.8706666667,
hiv,Puerto Rico,2012,1.47,1.47,1.47,1.47,1.47,0.74,1.84,1.47,1.47,2.21,1.47,1.47,1.5026666667,
hiv,Puerto Rico,2013,1.47,1.47,1.84,1.84,2.21,1.47,1.47,1.47,2.21,1.84,1.84,1.47,1.7173333333,
hiv,Rwanda,2004,0,0,0,0,0,0,0,0,0,0,0,0,0,3.5
hiv,Rwanda,2005,0,0,0,0,0,0,0,0,0,0,0,0,0,3.3
hiv,Rwanda,2006,0,0,0,0,0,0,0,0,0,0,0,0,0,3.2
hiv,Rwanda,2007,0,0,0,0,0,0,0,0,0,0,0,0,0,3.2
hiv,Rwanda,2008,0,0,0,0,0,0,0,0,0,0,0,0,0,3.2
hiv,Rwanda,2009,0,30.91,36.8,0,0,0,0,0,0,0,0,0,5.6426666667,3.1
hiv,Rwanda,2010,0,0,24.66,0,0,0,0,0,31.65,19.87,21.71,23.92,10.1506666667,3.1
hiv,Rwanda,2011,15.09,20.61,26.5,19.5,19.5,22.08,20.24,16.56,15.82,15.82,17.3,21.71,19.228,3
hiv,Rwanda,2012,12.14,13.98,12.14,14.72,9.57,12.88,14.35,16.93,14.35,12.88,10.67,11.41,13.0026666667,2.9
hiv,Rwanda,2013,12.51,10.3,14.72,12.88,10.67,11.41,8.1,8.1,11.78,10.3,6.26,6.99,10.3346666667,2.9
hiv,Sierra Leone,2004,0,0,0,0,0,0,0,0,0,0,0,0,0,1.4
hiv,Sierra Leone,2005,0,0,0,0,0,0,0,0,0,0,0,0,0,1.5
hiv,Sierra Leone,2006,0,0,0,0,0,0,0,0,0,0,0,0,0,1.6
hiv,Sierra Leone,2007,0,0,0,0,0,0,0,0,0,0,0,0,0,1.6
hiv,Sierra Leone,2008,0,0,0,0,0,0,0,0,0,0,0,0,0,1.7
hiv,Sierra Leone,2009,0,0,0,0,0,0,0,0,0,0,0,0,0,1.6
hiv,Sierra Leone,2010,0,0,0,0,0,0,0,0,0,0,0,0,0,1.6
hiv,Sierra Leone,2011,0,0,0,0,0,0,0,0,0,0,0,0,0,1.6
hiv,Sierra Leone,2012,0,0,0,0,0,0,0,0,0,0,0,0,0,1.6
hiv,Sierra Leone,2013,0,0,0,0,0,0,0,0,0,9.31,6.77,6.77,1.9044,1.6
hiv,Singapore,2004,3.39,3.39,5.08,4.23,4.23,2.54,3.39,3.39,4.23,2.54,5.92,4.23,3.8793333333,
hiv,Singapore,2005,3.39,5.08,4.23,5.08,2.54,3.39,4.23,5.08,4.23,3.39,3.39,4.23,4.0204,
hiv,Singapore,2006,4.23,3.39,2.54,2.54,3.39,2.54,3.39,3.39,3.39,3.39,3.39,4.23,3.3150666667,
hiv,Singapore,2007,3.39,3.39,3.39,3.39,2.54,2.54,3.39,2.54,2.54,3.39,2.54,3.39,3.0329333333,
hiv,Singapore,2008,3.39,2.54,3.39,2.54,3.39,2.54,3.39,3.39,2.54,2.54,4.23,4.23,3.174,
hiv,Singapore,2009,2.54,2.54,2.54,2.54,2.54,2.54,2.54,2.54,2.54,2.54,2.54,2.54,2.5392,
hiv,Singapore,2010,3.39,3.39,2.54,2.54,2.54,2.54,3.39,2.54,2.54,2.54,3.39,3.39,2.8918666667,
hiv,Singapore,2011,2.54,2.54,2.54,2.54,2.54,2.54,3.39,2.54,3.39,2.54,3.39,4.23,2.8918666667,
hiv,Singapore,2012,3.39,3.39,2.54,2.54,2.54,2.54,3.39,2.54,2.54,2.54,2.54,3.39,2.8213333333,
hiv,Singapore,2013,2.54,2.54,3.39,3.39,2.54,2.54,2.54,2.54,4.23,2.54,2.54,3.39,2.8918666667,
hiv,South Africa,2004,11.85,19.47,18.62,22.01,15.24,13.54,14.39,18.62,21.16,16.93,13.54,14.39,16.6458666667,18.3
hiv,South Africa,2005,14.39,20.31,16.08,19.47,16.93,16.08,16.08,17.77,17.77,16.08,17.77,11,16.6458666667,18.5
hiv,South Africa,2006,12.7,16.93,17.77,12.7,18.62,14.39,12.7,14.39,15.24,14.39,10.16,9.31,14.1066666667,18.7
hiv,South Africa,2007,11.85,13.54,13.54,11.85,15.24,10.16,11,14.39,14.39,14.39,11,8.46,12.4844,18.8
hiv,South Africa,2008,8.46,13.54,12.7,14.39,13.54,11,10.16,13.54,11,11,11,8.46,11.5674666667,18.9
hiv,South Africa,2009,8.46,11,13.54,11,13.54,11,11.85,14.39,13.54,12.7,11.85,11,11.9906666667,18.9
hiv,South Africa,2010,11,13.54,17.77,15.24,15.24,11,14.39,16.08,14.39,14.39,12.7,11,13.8950666667,18.9
hiv,South Africa,2011,8.46,11.85,13.54,11.85,13.54,10.16,10.16,12.7,12.7,11.85,11.85,11,11.638,18.8
hiv,South Africa,2012,11,15.24,14.39,12.7,17.77,11,11.85,14.39,13.54,11.85,11,8.46,12.7665333333,18.9
hiv,South Africa,2013,7.62,11,10.16,10.16,11.85,8.46,8.46,11,9.31,9.31,11,8.46,9.7336,19.1
hiv,Suriname,2004,0,0,0,0,0,0,0,0,0,0,0,0,0,1.2
hiv,Suriname,2005,0,0,0,0,0,0,0,0,0,0,0,0,0,1.1
hiv,Suriname,2006,0,0,0,0,0,0,0,0,0,0,0,0,0,1.1
hiv,Suriname,2007,0,0,0,0,0,0,0,0,0,0,0,0,0,1
hiv,Suriname,2008,0,0,0,0,0,0,0,0,0,0,0,0,0,1
hiv,Suriname,2009,0,0,0,0,0,0,0,0,0,0,0,0,0,1
hiv,Suriname,2010,0,0,0,0,0,0,0,0,0,0,0,0,0,0.9
hiv,Suriname,2011,0,0,0,0,0,0,0,0,0,0,0,0,0,0.9
hiv,Suriname,2012,0,10.16,9.31,0,0,0,0,0,0,0,0,0,1.6222666667,0.9
hiv,Suriname,2013,0,0,6.77,7.62,6.77,6.77,7.62,7.62,8.46,9.31,5.92,8.46,6.2774666667,0.9
hiv,Swaziland,2004,0,0,0,0,0,0,0,0,0,0,0,0,0,26.2
hiv,Swaziland,2005,0,0,0,0,0,0,0,0,0,0,0,0,0,26.2
hiv,Swaziland,2006,0,0,0,0,0,0,0,0,0,0,0,0,0,26.2
hiv,Swaziland,2007,0,0,0,0,0,0,0,0,0,0,0,0,0,26.3
hiv,Swaziland,2008,0,0,0,0,0,0,0,0,0,0,0,0,0,26.5
hiv,Swaziland,2009,0,0,0,0,0,0,0,0,0,0,0,0,0,26.8
hiv,Swaziland,2010,0,0,0,0,0,0,0,0,0,0,0,0,0,27.1
hiv,Swaziland,2011,0,0,0,0,0,0,0,0,0,0,0,0,0,27.4
hiv,Swaziland,2012,0,80.41,77.02,77.02,84.64,0,0,0,0,0,0,0,26.5910666667,27.4
hiv,Swaziland,2013,0,0,62.63,32.16,32.16,32.16,32.16,31.32,44.86,43.17,34.7,25.39,30.8936,27.4
hiv,Tanzania,2004,0,0,0,0,0,0,0,0,0,0,0,0,0,6.9
hiv,Tanzania,2005,0,0,0,0,0,0,0,54.65,38.92,45.54,0,0,11.592,6.6
hiv,Tanzania,2006,0,0,0,0,0,38.92,34.78,34.78,34.78,34.78,29.81,29.81,19.803,6.3
hiv,Tanzania,2007,29.81,29.81,29.81,29.81,29.81,20.7,29.81,28.15,28.15,28.15,21.53,33.12,28.221,6.1
hiv,Tanzania,2008,32.29,22.36,27.32,24.84,25.67,28.98,23.18,23.18,23.18,22.36,22.36,19.87,24.633,5.9
hiv,Tanzania,2009,19.87,19.87,26.5,27.32,19.87,29.81,22.36,19.04,17.39,17.39,23.18,24.84,22.287,5.7
hiv,Tanzania,2010,17.39,29.81,15.73,30.64,23.18,14.08,33.95,24.01,20.7,14.9,20.7,19.87,22.08,5.5
hiv,Tanzania,2011,22.36,15.73,25.67,16.56,20.7,21.53,24.01,19.04,22.36,21.53,17.39,19.87,20.562,5.4
hiv,Tanzania,2012,17.39,17.39,16.56,19.04,15.73,13.25,16.56,13.25,13.25,12.42,10.76,11.59,14.766,5.2
hiv,Tanzania,2013,13.25,10.76,12.42,14.08,14.08,9.94,8.28,6.62,8.28,8.28,8.28,7.45,10.143,5
hiv,Thailand,2004,3.31,4.14,4.14,4.97,4.14,3.31,5.8,4.14,2.48,3.31,2.48,2.48,3.726,1.5
hiv,Thailand,2005,2.48,2.48,2.48,3.31,2.48,2.48,3.31,2.48,1.66,2.48,2.48,2.48,2.553,1.4
hiv,Thailand,2006,1.66,1.66,1.66,1.66,1.66,2.48,1.66,2.48,2.48,0.83,1.66,1.66,1.794,1.4
hiv,Thailand,2007,1.66,1.66,1.66,1.66,1.66,1.66,1.66,1.66,2.48,1.66,1.66,1.66,1.725,1.3
hiv,Thailand,2008,1.66,1.66,1.66,0.83,1.66,1.66,1.66,1.66,1.66,1.66,1.66,0.83,1.518,1.3
hiv,Thailand,2009,1.66,1.66,1.66,1.66,0.83,1.66,1.66,1.66,1.66,1.66,1.66,1.66,1.587,1.2
hiv,Thailand,2010,1.66,1.66,0.83,0.83,0.83,0.83,1.66,0.83,1.66,1.66,1.66,1.66,1.311,1.2
hiv,Thailand,2011,0.83,0.83,0.83,1.66,0.83,1.66,1.66,1.66,1.66,0.83,0.83,1.66,1.242,1.2
hiv,Thailand,2012,0.83,0.83,0.83,0.83,0.83,0.83,1.66,0.83,0.83,0.83,0.83,0.83,0.897,1.1
hiv,Thailand,2013,0.83,0.83,0.83,0.83,0.83,0.83,0.83,0.83,1.66,0.83,1.66,0.83,0.966,1.1
hiv,Uganda,2004,0,0,0,0,0,0,0,0,0,0,61.27,0,5.106,6.1
hiv,Uganda,2005,0,0,0,0,58.79,46.37,64.58,82.8,48.02,48.02,55.48,43.88,37.329,6.2
hiv,Uganda,2006,43.88,43.88,50.51,52.99,41.4,34.78,77.83,33.95,36.43,35.6,35.6,35.6,43.539,6.3
hiv,Uganda,2007,30.64,35.6,42.23,30.64,28.98,30.64,40.57,20.7,33.12,43.06,36.43,34.78,33.948,6.4
hiv,Uganda,2008,35.6,32.29,34.78,30.64,25.67,25.67,28.98,19.87,38.09,32.29,23.18,28.98,29.67,6.6
hiv,Uganda,2009,21.53,33.95,31.46,36.43,22.36,38.92,26.5,24.84,38.92,33.95,43.88,35.6,32.361,6.8
hiv,Uganda,2010,29.81,32.29,35.6,57.96,38.09,43.06,29.81,37.26,31.46,31.46,38.09,28.98,36.156,7
hiv,Uganda,2011,38.09,37.26,40.57,43.88,30.64,34.78,35.6,35.6,35.6,36.43,38.92,27.32,36.225,7.2
hiv,Uganda,2012,28.98,29.81,33.12,27.32,27.32,28.98,28.15,20.7,21.53,24.01,23.18,19.04,26.013,7.4
hiv,Uganda,2013,14.08,18.22,20.7,21.53,17.39,17.39,17.39,16.56,19.04,17.39,19.87,14.08,17.802,7.4
hiv,United Kingdom,2004,2.48,2.48,2.48,2.48,2.48,2.48,2.48,1.66,1.66,1.66,2.48,2.48,2.277,0.2
hiv,United Kingdom,2005,2.48,2.48,2.48,2.48,2.48,1.66,1.66,1.66,1.66,2.48,3.31,1.66,2.208,0.2
hiv,United Kingdom,2006,1.66,1.66,1.66,1.66,1.66,1.66,1.66,1.66,1.66,1.66,1.66,1.66,1.656,0.2
hiv,United Kingdom,2007,1.66,1.66,1.66,1.66,1.66,1.66,1.66,0.83,1.66,1.66,1.66,1.66,1.587,0.3
hiv,United Kingdom,2008,1.66,1.66,1.66,1.66,1.66,1.66,1.66,1.66,1.66,1.66,1.66,1.66,1.656,0.3
hiv,United Kingdom,2009,1.66,1.66,1.66,1.66,1.66,1.66,1.66,0.83,1.66,1.66,1.66,1.66,1.587,0.3
hiv,United Kingdom,2010,1.66,1.66,1.66,1.66,1.66,1.66,1.66,1.66,1.66,1.66,1.66,1.66,1.656,0.3
hiv,United Kingdom,2011,1.66,1.66,1.66,1.66,1.66,1.66,1.66,1.66,1.66,1.66,1.66,1.66,1.656,0.3
hiv,United Kingdom,2012,1.66,1.66,1.66,1.66,1.66,1.66,1.66,1.66,1.66,1.66,1.66,1.66,1.656,0.3
hiv,United Kingdom,2013,1.66,1.66,2.48,1.66,1.66,1.66,1.66,1.66,1.66,1.66,1.66,1.66,1.725,0.3
hiv,United States,2004,2.48,2.48,3.31,4.97,3.31,3.31,2.48,2.48,2.48,2.48,3.31,3.31,3.036,
hiv,United States,2005,2.48,3.31,3.31,3.31,3.31,2.48,2.48,2.48,2.48,2.48,2.48,2.48,2.76,
hiv,United States,2006,2.48,2.48,2.48,2.48,2.48,2.48,2.48,1.66,2.48,2.48,2.48,2.48,2.415,
hiv,United States,2007,2.48,2.48,2.48,2.48,2.48,2.48,1.66,1.66,1.66,2.48,2.48,2.48,2.277,
hiv,United States,2008,2.48,2.48,2.48,2.48,2.48,2.48,1.66,1.66,2.48,2.48,2.48,2.48,2.346,
hiv,United States,2009,1.66,2.48,2.48,2.48,2.48,2.48,1.66,1.66,1.66,2.48,2.48,2.48,2.208,
hiv,United States,2010,1.66,1.66,2.48,2.48,1.66,1.66,1.66,1.66,1.66,2.48,2.48,2.48,2.001,
hiv,United States,2011,1.66,2.48,2.48,2.48,2.48,2.48,1.66,1.66,2.48,2.48,2.48,2.48,2.277,
hiv,United States,2012,1.66,2.48,2.48,2.48,2.48,1.66,2.48,1.66,1.66,1.66,1.66,2.48,2.07,
hiv,United States,2013,1.66,1.66,2.48,2.48,1.66,1.66,1.66,1.66,2.48,2.48,2.48,2.48,2.07,
hiv,Vanuatu,2004,0,0,0,0,0,0,0,0,0,0,0,0,0,
hiv,Vanuatu,2005,0,0,0,0,0,0,0,0,0,0,0,0,0,
hiv,Vanuatu,2006,0,0,0,0,0,0,0,0,0,0,0,0,0,
hiv,Vanuatu,2007,0,0,0,0,0,0,0,0,0,0,0,0,0,
hiv,Vanuatu,2008,0,0,0,0,0,0,0,0,0,0,0,0,0,
hiv,Vanuatu,2009,0,0,0,0,0,0,0,0,0,0,0,0,0,
hiv,Vanuatu,2010,0,0,0,0,0,0,0,0,0,0,0,0,0,
hiv,Vanuatu,2011,0,0,0,0,0,0,0,0,0,0,0,0,0,
hiv,Vanuatu,2012,0,0,0,0,0,0,0,0,0,0,0,0,0,
hiv,Vanuatu,2013,0,0,0,0,0,0,0,0,0,0,0,0,0,
hiv,Zambia,2004,0,0,0,0,0,0,0,0,0,0,0,0,0,13.8
hiv,Zambia,2005,0,0,0,0,0,0,0,0,0,92,0,0,7.6666666667,13.7
hiv,Zambia,2006,0,0,0,0,0,0,0,0,0,0,0,0,0,13.5
hiv,Zambia,2007,0,0,0,0,51.52,37.72,45.08,52.44,44.16,44.16,44.16,45.08,30.36,13.3
hiv,Zambia,2008,45.08,30.36,37.72,37.72,37.72,37.72,41.4,45.08,24.84,25.76,37.72,35.88,36.4166666667,13.2
hiv,Zambia,2009,34.96,34.96,34.96,35.88,37.72,38.64,35.88,26.68,35.88,45.08,55.2,48.76,38.7166666667,13.2
hiv,Zambia,2010,48.76,48.76,48.76,34.96,35.88,36.8,31.28,31.28,44.16,50.6,34.04,23.92,39.1,13.1
hiv,Zambia,2011,23.92,29.44,30.36,30.36,32.2,33.12,25.76,37.72,27.6,29.44,33.12,24.84,29.8233333333,13
hiv,Zambia,2012,29.44,22.08,39.56,24.84,28.52,32.2,35.88,31.28,28.52,30.36,30.36,23.92,29.7466666667,12.8
hiv,Zambia,2013,19.32,27.6,27.6,23.92,23,30.36,23,22.08,22.08,23.92,26.68,19.32,24.0733333333,12.5
hiv,Zimbabwe,2004,0,0,0,0,0,0,0,0,55.2,0,0,0,4.6,21.2
hiv,Zimbabwe,2005,0,0,43.24,73.6,57.04,61.64,61.64,61.64,61.64,62.56,62.56,55.2,50.0633333333,19.8
hiv,Zimbabwe,2006,55.2,55.2,39.56,33.12,33.12,35.88,37.72,39.56,41.4,47.84,41.4,41.4,41.7833333333,18.6
hiv,Zimbabwe,2007,47.84,53.36,27.6,29.44,31.28,34.96,33.12,32.2,33.12,39.56,37.72,25.76,35.4966666667,17.7
hiv,Zimbabwe,2008,50.6,37.72,34.96,31.28,34.04,32.2,27.6,34.96,41.4,19.32,34.04,24.84,33.58,17
hiv,Zimbabwe,2009,26.68,24.84,34.96,40.48,48.76,28.52,44.16,32.2,60.72,63.48,42.32,33.12,40.02,16.5
hiv,Zimbabwe,2010,47.84,34.96,52.44,23.92,33.12,40.48,40.48,36.8,30.36,37.72,37.72,29.44,37.1066666667,16
hiv,Zimbabwe,2011,31.28,31.28,44.16,39.56,42.32,33.12,32.2,34.96,34.04,40.48,38.64,33.12,36.2633333333,15.7
hiv,Zimbabwe,2012,28.52,29.44,36.8,27.6,25.76,35.88,35.88,28.52,34.04,32.2,25.76,21.16,30.13,15.4
hiv,Zimbabwe,2013,27.6,25.76,34.04,29.44,30.36,31.28,26.68,28.52,33.12,34.04,37.72,23.92,30.2066666667,15
