country,year,zeros,m1,m2,m3,m4,m5,m6,m7,m8,m9,m10,m11,m12,median,sd,avg,min,max,range,sum,trend,r
Australia,2004,1,0,8.95,5.75,6.07,10.87,10.55,4.15,6.39,7.67,9.27,5.75,3.52,6.23,3.1398460684,6.5783333333,0,10.87,10.87,78.94,0.0794405594,0.0083216841
Australia,2005,0,5.43,7.67,5.75,11.51,8.63,7.99,7.35,8.31,4.79,6.71,5.43,3.2,7.03,2.1750449316,6.8975,3.2,11.51,8.31,82.77,-0.2558391608,0.1798626262
Australia,2006,0,3.2,5.11,8.31,7.99,7.67,4.79,4.15,5.43,5.43,6.39,4.47,3.2,5.27,1.7509728897,5.5116666667,3.2,8.31,5.11,66.14,-0.1376223776,0.0803087048
Australia,2007,0,2.24,4.47,5.75,5.43,6.39,5.43,4.47,5.11,5.43,5.11,5.75,2.88,5.27,1.2102654354,4.8716666667,2.24,6.39,4.15,58.46,0.0324475524,0.0093442829
Australia,2008,0,3.2,4.15,6.71,6.71,5.75,5.43,3.84,5.75,4.79,6.07,4.47,2.88,5.11,1.2942281542,4.9791666667,2.88,6.71,3.83,59.75,-0.057027972,0.0252404749
Australia,2009,0,2.24,4.79,6.39,5.11,6.71,4.47,3.52,5.43,5.43,5.75,5.11,3.52,5.11,1.2771069935,4.8725,2.24,6.71,4.47,58.47,0.0324825175,0.008409848
Australia,2010,0,3.52,4.47,5.43,5.75,6.07,5.43,3.84,5.11,4.47,6.07,4.47,3.52,4.79,0.9302048487,4.8458333333,3.52,6.07,2.55,58.15,-0.0223426573,0.0074999057
Australia,2011,0,3.2,4.79,6.71,5.11,5.11,5.43,4.47,4.79,7.03,5.43,4.79,2.88,4.95,1.1901476863,4.9783333333,2.88,7.03,4.15,59.74,-0.0167832168,0.0025851875
Australia,2012,0,2.88,4.47,5.11,5.11,5.43,4.79,4.15,5.11,4.79,6.07,4.47,2.24,4.79,1.0633808292,4.5516666667,2.24,6.07,3.83,54.62,-0.0123076923,0.0017414819
Australia,2013,0,2.88,3.84,4.47,4.79,5.43,4.47,3.52,4.47,4.15,5.11,4.15,2.56,4.31,0.8480280155,4.1533333333,2.56,5.43,2.87,49.84,-0.0114685315,0.0023775988
Bangladesh,2004,12,0,0,0,0,0,0,0,0,0,0,0,0,0,0,0,0,12,0,0,0,#DIV/0!
Bangladesh,2005,12,0,0,0,0,0,0,0,0,0,0,0,0,0,0,0,0,12,0,0,0,#DIV/0!
Bangladesh,2006,12,0,0,0,0,0,0,0,0,0,0,0,0,0,0,0,0,12,0,0,0,#DIV/0!
Bangladesh,2007,12,0,0,0,0,0,0,0,0,0,0,0,0,0,0,0,0,12,0,0,0,#DIV/0!
Bangladesh,2008,12,0,0,0,0,0,0,0,0,0,0,0,0,0,0,0,0,12,0,0,0,#DIV/0!
Bangladesh,2009,12,0,0,0,0,0,0,0,0,0,0,0,0,0,0,0,0,12,0,0,0,#DIV/0!
Bangladesh,2010,12,0,0,0,0,0,0,0,0,0,0,0,0,0,0,0,0,12,0,0,0,#DIV/0!
Bangladesh,2011,0,13.1,21.73,21.09,24.93,27.49,20.77,31.96,16.3,22.05,31.64,15.02,25.57,21.89,6.0419821025,22.6375,13.1,31.96,18.86,271.65,0.3980769231,0.0564310962
Bangladesh,2012,0,17.26,12.46,12.14,8.31,13.1,8.95,9.59,8.31,8.31,7.67,7.67,7.35,8.63,3.023596093,10.0933333333,7.35,17.26,9.91,121.12,-0.6893006993,0.6756367116
Bangladesh,2013,0,8.95,5.43,13.74,7.03,7.03,6.39,7.35,5.43,7.67,5.43,5.11,7.99,7.03,2.3562700043,7.2958333333,5.11,13.74,8.63,87.55,-0.2526223776,0.1494296845
Botswana,2004,12,0,0,0,0,0,0,0,0,0,0,0,0,0,0,0,0,12,0,0,0,#DIV/0!
Botswana,2005,12,0,0,0,0,0,0,0,0,0,0,0,0,0,0,0,0,12,0,0,0,#DIV/0!
Botswana,2006,12,0,0,0,0,0,0,0,0,0,0,0,0,0,0,0,0,12,0,0,0,#DIV/0!
Botswana,2007,12,0,0,0,0,0,0,0,0,0,0,0,0,0,0,0,0,12,0,0,0,#DIV/0!
Botswana,2008,12,0,0,0,0,0,0,0,0,0,0,0,0,0,0,0,0,12,0,0,0,#DIV/0!
Botswana,2009,12,0,0,0,0,0,0,0,0,0,0,0,0,0,0,0,0,12,0,0,0,#DIV/0!
Botswana,2010,12,0,0,0,0,0,0,0,0,0,0,0,0,0,0,0,0,12,0,0,0,#DIV/0!
Botswana,2011,12,0,0,0,0,0,0,0,0,0,0,0,0,0,0,0,0,12,0,0,0,#DIV/0!
Botswana,2012,12,0,0,0,0,0,0,0,0,0,0,0,0,0,0,0,0,12,0,0,0,#DIV/0!
Botswana,2013,12,0,0,0,0,0,0,0,0,0,0,0,0,0,0,0,0,12,0,0,0,#DIV/0!
Cameroon,2004,12,0,0,0,0,0,0,0,0,0,0,0,0,0,0,0,0,12,0,0,0,#DIV/0!
Cameroon,2005,12,0,0,0,0,0,0,0,0,0,0,0,0,0,0,0,0,12,0,0,0,#DIV/0!
Cameroon,2006,12,0,0,0,0,0,0,0,0,0,0,0,0,0,0,0,0,12,0,0,0,#DIV/0!
Cameroon,2007,12,0,0,0,0,0,0,0,0,0,0,0,0,0,0,0,0,12,0,0,0,#DIV/0!
Cameroon,2008,12,0,0,0,0,0,0,0,0,0,0,0,0,0,0,0,0,12,0,0,0,#DIV/0!
Cameroon,2009,12,0,0,0,0,0,0,0,0,0,0,0,0,0,0,0,0,12,0,0,0,#DIV/0!
Cameroon,2010,12,0,0,0,0,0,0,0,0,0,0,0,0,0,0,0,0,12,0,0,0,#DIV/0!
Cameroon,2011,12,0,0,0,0,0,0,0,0,0,0,0,0,0,0,0,0,12,0,0,0,#DIV/0!
Cameroon,2012,12,0,0,0,0,0,0,0,0,0,0,0,0,0,0,0,0,12,0,0,0,#DIV/0!
Cameroon,2013,12,0,0,0,0,0,0,0,0,0,0,0,0,0,0,0,0,12,0,0,0,#DIV/0!
Canada,2004,0,7.99,10.23,9.27,8.95,8.95,5.75,4.15,4.15,6.07,5.43,5.75,6.39,6.23,2.0708423114,6.9233333333,4.15,10.23,6.08,83.08,-0.4027972028,0.4918381185
Canada,2005,0,6.07,6.07,7.35,7.35,5.75,5.43,3.84,3.2,6.71,6.07,7.99,5.75,6.07,1.3838253962,5.965,3.2,7.99,4.79,71.58,-0.0267132867,0.0048443489
Canada,2006,0,6.39,7.03,5.75,7.67,5.43,4.47,4.79,3.84,3.84,5.75,6.07,5.43,5.59,1.1816847244,5.5383333333,3.84,7.67,3.83,66.46,-0.1496503497,0.2084949696
Canada,2007,0,5.43,3.84,5.75,4.79,6.71,7.99,3.84,3.52,3.52,4.47,5.43,4.47,4.63,1.3641380895,4.98,3.52,7.99,4.47,59.76,-0.0883916084,0.0545819132
Canada,2008,0,5.11,4.47,5.11,4.47,3.84,4.15,3.52,3.2,3.84,4.47,5.11,3.52,4.31,0.665752593,4.2341666667,3.2,5.11,1.91,50.81,-0.0766083916,0.1721354455
Canada,2009,0,4.79,5.11,6.39,5.43,4.79,3.84,4.15,3.2,4.47,4.79,5.75,3.52,4.79,0.9253447351,4.6858333333,3.2,6.39,3.19,56.23,-0.1002447552,0.1525666307
Canada,2010,0,4.79,4.79,6.71,5.11,5.11,3.84,3.84,3.84,5.43,6.39,6.07,5.43,5.11,0.9708583363,5.1125,3.84,6.71,2.87,61.35,0.0493356643,0.0335701735
Canada,2011,0,5.43,5.43,6.07,5.43,5.75,5.11,3.84,3.84,4.79,6.39,6.39,4.47,5.43,0.8756452167,5.245,3.84,6.39,2.55,62.94,-0.0345454545,0.0202333976
Canada,2012,0,5.43,5.11,6.07,5.43,5.11,5.11,3.84,4.47,4.47,5.11,5.11,4.47,5.11,0.5844519577,4.9775,3.84,6.07,2.23,59.73,-0.0883566434,0.2971146966
Canada,2013,0,4.79,5.43,5.43,4.47,4.79,4.15,3.52,4.15,5.11,5.75,4.47,4.15,4.63,0.657494671,4.6841666667,3.52,5.75,2.23,56.21,-0.0447202797,0.0601406199
Denmark,2004,12,0,0,0,0,0,0,0,0,0,0,0,0,0,0,0,0,12,0,0,0,#DIV/0!
Denmark,2005,12,0,0,0,0,0,0,0,0,0,0,0,0,0,0,0,0,12,0,0,0,#DIV/0!
Denmark,2006,12,0,0,0,0,0,0,0,0,0,0,0,0,0,0,0,0,12,0,0,0,#DIV/0!
Denmark,2007,12,0,0,0,0,0,0,0,0,0,0,0,0,0,0,0,0,12,0,0,0,#DIV/0!
Denmark,2008,12,0,0,0,0,0,0,0,0,0,0,0,0,0,0,0,0,12,0,0,0,#DIV/0!
Denmark,2009,12,0,0,0,0,0,0,0,0,0,0,0,0,0,0,0,0,12,0,0,0,#DIV/0!
Denmark,2010,12,0,0,0,0,0,0,0,0,0,0,0,0,0,0,0,0,12,0,0,0,#DIV/0!
Denmark,2011,7,0,0,1.8,0,0,0,0,0,1.31,1.39,1.47,1.31,0,0.7597048869,0.6066666667,0,7,1.8,7.28,0.1095104895,0.2701251075
Denmark,2012,0,1.31,1.06,1.06,1.06,1.06,1.06,0.9,0.9,0.9,0.9,1.71,0.98,1.06,0.2318110516,1.075,0.9,1.71,0.81,12.9,-0.0011888112,0.0003419014
Denmark,2013,0,0.73,0.9,1.31,0.98,0.98,1.06,1.06,1.06,1.06,1.06,1.06,1.14,1.06,0.1374001015,1.0333333333,0.73,1.31,0.58,12.4,0.0169230769,0.197209532
Egypt,2004,12,0,0,0,0,0,0,0,0,0,0,0,0,0,0,0,0,12,0,0,0,#DIV/0!
Egypt,2005,12,0,0,0,0,0,0,0,0,0,0,0,0,0,0,0,0,12,0,0,0,#DIV/0!
Egypt,2006,12,0,0,0,0,0,0,0,0,0,0,0,0,0,0,0,0,12,0,0,0,#DIV/0!
Egypt,2007,10,0,0,0,0,8.16,0,0,0,0,0,6.61,0,0,2.8935396955,1.2308333333,0,10,8.16,14.77,0.1224125874,0.0232667979
Egypt,2008,9,0,0,0,0,0,0,0,0,0,4,4,4,0,1.8090680675,1,0,9,4,12,0.3776223776,0.5664335664
Egypt,2009,0,4.16,4.24,4.41,3.51,4.98,2.69,2.69,2.94,3.26,3.59,3.75,4.65,3.67,0.7622867312,3.7391666667,2.69,4.98,2.29,44.87,-0.0424125874,0.0402435392
Egypt,2010,0,3.26,2.2,4,2.53,3.35,2.2,2.2,2.2,2.2,2.28,2.28,2.12,2.24,0.6168959443,2.5683333333,2.12,4,1.88,30.82,-0.1012587413,0.3502551834
Egypt,2011,0,1.14,1.14,1.14,1.88,2.2,1.71,2.12,0.98,1.96,2.2,2.04,1.63,1.795,0.4622638627,1.6783333333,0.98,2.2,1.22,20.14,0.0631468531,0.242586646
Egypt,2012,0,1.96,1.55,1.31,1.88,2.37,1.71,0.98,0.98,0.98,2.12,1.39,1.8,1.63,0.4675751439,1.5858333333,0.98,2.37,1.39,19.03,-0.0242307692,0.0349120156
Egypt,2013,0,1.63,1.06,1.55,1.55,1.06,0.9,0.57,0.65,0.65,0.82,2.53,2.53,1.06,0.6837308526,1.2916666667,0.57,2.53,1.96,15.5,0.0418181818,0.0486298904
Estonia,2004,12,0,0,0,0,0,0,0,0,0,0,0,0,0,0,0,0,12,0,0,0,#DIV/0!
Estonia,2005,12,0,0,0,0,0,0,0,0,0,0,0,0,0,0,0,0,12,0,0,0,#DIV/0!
Estonia,2006,12,0,0,0,0,0,0,0,0,0,0,0,0,0,0,0,0,12,0,0,0,#DIV/0!
Estonia,2007,12,0,0,0,0,0,0,0,0,0,0,0,0,0,0,0,0,12,0,0,0,#DIV/0!
Estonia,2008,12,0,0,0,0,0,0,0,0,0,0,0,0,0,0,0,0,12,0,0,0,#DIV/0!
Estonia,2009,12,0,0,0,0,0,0,0,0,0,0,0,0,0,0,0,0,12,0,0,0,#DIV/0!
Estonia,2010,12,0,0,0,0,0,0,0,0,0,0,0,0,0,0,0,0,12,0,0,0,#DIV/0!
Estonia,2011,12,0,0,0,0,0,0,0,0,0,0,0,0,0,0,0,0,12,0,0,0,#DIV/0!
Estonia,2012,12,0,0,0,0,0,0,0,0,0,0,0,0,0,0,0,0,12,0,0,0,#DIV/0!
Estonia,2013,12,0,0,0,0,0,0,0,0,0,0,0,0,0,0,0,0,12,0,0,0,#DIV/0!
Fiji,2004,12,0,0,0,0,0,0,0,0,0,0,0,0,0,0,0,0,12,0,0,0,#DIV/0!
Fiji,2005,12,0,0,0,0,0,0,0,0,0,0,0,0,0,0,0,0,12,0,0,0,#DIV/0!
Fiji,2006,12,0,0,0,0,0,0,0,0,0,0,0,0,0,0,0,0,12,0,0,0,#DIV/0!
Fiji,2007,12,0,0,0,0,0,0,0,0,0,0,0,0,0,0,0,0,12,0,0,0,#DIV/0!
Fiji,2008,12,0,0,0,0,0,0,0,0,0,0,0,0,0,0,0,0,12,0,0,0,#DIV/0!
Fiji,2009,12,0,0,0,0,0,0,0,0,0,0,0,0,0,0,0,0,12,0,0,0,#DIV/0!
Fiji,2010,12,0,0,0,0,0,0,0,0,0,0,0,0,0,0,0,0,12,0,0,0,#DIV/0!
Fiji,2011,12,0,0,0,0,0,0,0,0,0,0,0,0,0,0,0,0,12,0,0,0,#DIV/0!
Fiji,2012,12,0,0,0,0,0,0,0,0,0,0,0,0,0,0,0,0,12,0,0,0,#DIV/0!
Fiji,2013,12,0,0,0,0,0,0,0,0,0,0,0,0,0,0,0,0,12,0,0,0,#DIV/0!
Germany,2004,11,0,0,0,0,1.39,0,0,0,0,0,0,0,0,0.4012584371,0.1158333333,0,11,1.39,1.39,-0.0145804196,0.0171646535
Germany,2005,2,0,0,0.73,0.98,1.14,0.82,0.82,0.82,0.82,0.82,0.82,0.65,0.82,0.3492546175,0.7016666667,0,2,1.14,8.42,0.0468531469,0.2339572831
Germany,2006,0,0.65,0.49,0.49,0.49,0.57,0.57,0.49,0.49,0.49,0.49,0.41,0.41,0.49,0.0667877688,0.5033333333,0.41,0.65,0.24,6.04,-0.0128671329,0.4825174825
Germany,2007,0,0.33,0.49,0.49,0.57,0.57,0.49,0.57,0.57,0.41,0.57,0.65,0.49,0.53,0.0858469392,0.5166666667,0.33,0.65,0.32,6.2,0.0106293706,0.1993006993
Germany,2008,0,0.49,0.65,0.73,0.82,0.65,0.9,0.9,0.82,0.9,1.06,1.39,1.06,0.86,0.2356213578,0.8641666667,0.49,1.39,0.9,10.37,0.0564685315,0.746667126
Germany,2009,0,1.06,0.82,1.39,1.39,2.12,1.39,1.31,1.39,1.39,1.22,1.8,1.14,1.39,0.3339796764,1.3683333333,0.82,2.12,1.3,16.42,0.0218181818,0.0554805025
Germany,2010,0,1.06,1.8,2.2,1.71,1.71,1.63,1.31,1.63,1.71,1.88,1.96,1.22,1.71,0.3211013245,1.6516666667,1.06,2.2,1.14,19.82,0.0013986014,0.0002466307
Germany,2011,0,0.41,0.41,0.41,0.33,0.33,0.49,0.41,0.49,0.41,0.57,0.49,0.41,0.41,0.0692820323,0.43,0.33,0.57,0.24,5.16,0.0092307692,0.2307692308
Germany,2012,0,0.57,0.49,0.41,0.41,0.41,0.33,0.49,0.41,0.41,0.41,0.41,0.33,0.41,0.0667877688,0.4233333333,0.33,0.57,0.24,5.08,-0.0111888112,0.3648525388
Germany,2013,0,0.33,0.49,0.41,0.41,0.41,0.41,0.41,0.41,0.33,0.33,0.41,0.33,0.41,0.0497265248,0.39,0.33,0.49,0.16,4.68,-0.0058741259,0.1814068285
Ghana,2004,12,0,0,0,0,0,0,0,0,0,0,0,0,0,0,0,0,12,0,0,0,#DIV/0!
Ghana,2005,12,0,0,0,0,0,0,0,0,0,0,0,0,0,0,0,0,12,0,0,0,#DIV/0!
Ghana,2006,12,0,0,0,0,0,0,0,0,0,0,0,0,0,0,0,0,12,0,0,0,#DIV/0!
Ghana,2007,12,0,0,0,0,0,0,0,0,0,0,0,0,0,0,0,0,12,0,0,0,#DIV/0!
Ghana,2008,12,0,0,0,0,0,0,0,0,0,0,0,0,0,0,0,0,12,0,0,0,#DIV/0!
Ghana,2009,12,0,0,0,0,0,0,0,0,0,0,0,0,0,0,0,0,12,0,0,0,#DIV/0!
Ghana,2010,11,0,0,0,0,0,0,0,0,0,0,51.68,0,0,14.9187309559,4.3066666667,0,51.68,51.68,51.68,1.6262937063,0.1544818818
Ghana,2011,9,0,0,0,0,0,0,0,0,0,22.22,20.16,18.6,0,9.2256262003,5.0816666667,0,22.22,22.22,60.98,1.8936363636,0.5477026141
Ghana,2012,0,18.6,21.71,21.19,17.05,13.95,28.42,10.85,10.85,18.6,21.19,18.6,12.92,18.6,5.1236707811,17.8275,10.85,28.42,17.57,213.93,-0.3831818182,0.0727094244
Ghana,2013,0,17.05,20.67,16.54,11.37,14.99,20.67,16.54,11.89,9.82,15.5,21.71,16.02,16.28,3.7616496824,16.0641666667,9.82,21.71,11.89,192.77,-0.1063986014,0.0104006024
Greece,2004,12,0,0,0,0,0,0,0,0,0,0,0,0,0,0,0,0,12,0,0,0,#DIV/0!
Greece,2005,12,0,0,0,0,0,0,0,0,0,0,0,0,0,0,0,0,12,0,0,0,#DIV/0!
Greece,2006,12,0,0,0,0,0,0,0,0,0,0,0,0,0,0,0,0,12,0,0,0,#DIV/0!
Greece,2007,12,0,0,0,0,0,0,0,0,0,0,0,0,0,0,0,0,12,0,0,0,#DIV/0!
Greece,2008,12,0,0,0,0,0,0,0,0,0,0,0,0,0,0,0,0,12,0,0,0,#DIV/0!
Greece,2009,12,0,0,0,0,0,0,0,0,0,0,0,0,0,0,0,0,12,0,0,0,#DIV/0!
Greece,2010,8,0,0,3.62,0,0,0,0,0,0,3.1,1.55,1.55,0,1.3308700731,0.8183333333,0,8,3.62,9.82,0.0956643357,0.0671695059
Greece,2011,0,1.55,1.55,1.03,1.03,2.07,2.07,2.07,2.07,2.58,2.07,1.55,2.07,2.07,0.468856604,1.8091666667,1.03,2.58,1.55,21.71,0.0725524476,0.3112916081
Greece,2012,0,2.07,1.03,1.55,1.03,2.07,1.03,1.03,1.55,1.55,1.55,1.03,1.03,1.29,0.404819451,1.3766666667,1.03,2.07,1.04,16.52,-0.0363636364,0.1048951049
Greece,2013,0,1.03,1.03,1.03,1.03,1.03,1.03,1.03,1.03,0.52,1.03,1.03,1.03,1.03,0.1472243186,0.9875,0.52,1.03,0.51,11.85,-0.0089160839,0.0476795931
India,2004,0,38.24,42.38,35.14,32.04,35.66,28.94,36.18,43.93,37.73,34.63,35.66,31.52,35.66,4.2648168635,36.0041666667,28.94,43.93,14.99,432.05,-0.2708741259,0.0524418042
India,2005,0,38.76,36.18,34.11,36.69,26.87,28.42,24.81,27.91,32.56,29.97,32.04,31.01,31.525,4.2722624586,31.6108333333,24.81,38.76,13.95,379.33,-0.6036013986,0.2594943924
India,2006,0,23.26,29.97,28.42,32.04,23.77,26.87,24.81,19.12,24.29,22.74,20.67,20.67,24.03,3.9401187299,24.7191666667,19.12,32.04,12.92,296.63,-0.7227622378,0.4374371287
India,2007,0,23.26,19.64,21.71,19.12,21.19,20.16,17.57,23.26,18.6,18.09,20.16,20.16,20.16,1.8433829244,20.2433333333,17.57,23.26,5.69,242.92,-0.1879020979,0.1350751597
India,2008,0,19.64,20.67,20.16,16.02,17.05,16.02,14.99,13.95,18.09,13.95,16.02,13.95,16.02,2.4388613526,16.7091666667,13.95,20.67,6.72,200.51,-0.5170979021,0.5844060194
India,2009,0,14.99,14.47,19.64,20.16,15.5,15.5,16.02,18.09,18.09,14.99,18.09,14.99,15.76,1.9885511324,16.7108333333,14.47,20.16,5.69,200.53,-0.0070979021,0.0001656265
India,2010,0,15.5,20.16,16.02,16.02,13.44,14.47,12.92,12.92,11.89,11.37,12.4,13.44,13.44,2.4294485906,14.2125,11.37,20.16,8.79,170.55,-0.5203146853,0.5962935238
India,2011,0,12.92,11.37,12.4,11.37,10.85,11.37,12.92,11.89,10.85,27.91,13.95,9.3,11.63,4.8206031937,13.0916666667,9.3,27.91,18.61,157.1,0.3288111888,0.0604830605
India,2012,0,10.85,10.34,14.99,9.3,8.79,9.3,8.79,8.79,9.82,9.3,8.27,8.27,9.3,1.8283298804,9.7341666667,8.27,14.99,6.72,116.81,-0.2963286713,0.341492827
India,2013,0,9.3,9.3,10.34,9.3,7.75,7.75,8.79,7.75,7.75,8.27,8.27,7.24,8.27,0.9209723945,8.4841666667,7.24,10.34,3.1,101.81,-0.1857692308,0.5289293816
Iraq,2004,12,0,0,0,0,0,0,0,0,0,0,0,0,0,0,0,0,12,0,0,0,#DIV/0!
Iraq,2005,12,0,0,0,0,0,0,0,0,0,0,0,0,0,0,0,0,12,0,0,0,#DIV/0!
Iraq,2006,12,0,0,0,0,0,0,0,0,0,0,0,0,0,0,0,0,12,0,0,0,#DIV/0!
Iraq,2007,12,0,0,0,0,0,0,0,0,0,0,0,0,0,0,0,0,12,0,0,0,#DIV/0!
Iraq,2008,12,0,0,0,0,0,0,0,0,0,0,0,0,0,0,0,0,12,0,0,0,#DIV/0!
Iraq,2009,12,0,0,0,0,0,0,0,0,0,0,0,0,0,0,0,0,12,0,0,0,#DIV/0!
Iraq,2010,12,0,0,0,0,0,0,0,0,0,0,0,0,0,0,0,0,12,0,0,0,#DIV/0!
Iraq,2011,7,0,0,17.05,10.85,10.85,10.85,10.85,0,0,0,0,0,0,6.4461096442,5.0375,0,17.05,17.05,60.45,-0.7208041958,0.1625483583
Iraq,2012,12,0,0,0,0,0,0,0,0,0,0,0,0,0,0,0,0,12,0,0,0,#DIV/0!
Iraq,2013,3,0,0,0,3.1,2.58,2.07,2.07,2.07,2.07,1.55,1.55,1.55,1.81,1.0336383958,1.5508333333,0,3.1,3.1,18.61,0.122972028,0.1840003953
Ireland,2004,12,0,0,0,0,0,0,0,0,0,0,0,0,0,0,0,0,12,0,0,0,#DIV/0!
Ireland,2005,12,0,0,0,0,0,0,0,0,0,0,0,0,0,0,0,0,12,0,0,0,#DIV/0!
Ireland,2006,9,0,0,13.44,0,0,0,0,0,0,0,8.79,7.24,0,4.6509226032,2.4558333333,0,13.44,13.44,29.47,0.2261188811,0.0307283176
Ireland,2007,6,7.24,7.24,7.24,0,0,0,0,0,0,6.2,4.65,4.65,2.325,3.3506277114,3.1016666667,0,7.24,7.24,37.22,-0.2065734266,0.0494128504
Ireland,2008,0,3.62,3.62,3.62,3.62,4.13,4.13,4.13,4.65,4.65,4.65,4.65,4.65,4.13,0.4638050792,4.1766666667,3.62,4.65,1.03,50.12,0.1206993007,0.8804037007
Ireland,2009,0,3.1,3.1,3.1,3.1,3.1,3.1,3.1,3.1,3.62,3.1,4.13,3.62,3.1,0.3363743856,3.2725,3.1,4.13,1.03,39.27,0.0615034965,0.4346074133
Ireland,2010,0,3.1,3.1,3.1,4.13,2.58,2.58,2.58,4.13,2.58,3.1,3.1,2.07,3.1,0.6158825892,3.0125,2.07,4.13,2.06,36.15,-0.0504545455,0.0872465162
Ireland,2011,0,2.58,3.1,4.13,3.1,4.65,4.65,2.07,2.58,3.1,3.62,5.17,3.1,3.1,0.9639419541,3.4875,2.07,5.17,3.1,41.85,0.0419230769,0.0245893975
Ireland,2012,0,3.62,3.62,3.62,3.62,4.13,3.1,2.07,3.1,2.58,3.62,3.1,2.58,3.36,0.5886656714,3.23,2.07,4.13,2.06,38.76,-0.088951049,0.2968301964
Ireland,2013,0,3.1,4.65,3.62,3.62,2.58,1.55,2.07,2.07,2.07,1.55,3.1,3.1,2.84,0.9432471317,2.7566666667,1.55,4.65,3.1,33.08,-0.1300699301,0.2471986982
Jamaica,2004,12,0,0,0,0,0,0,0,0,0,0,0,0,0,0,0,0,12,0,0,0,#DIV/0!
Jamaica,2005,12,0,0,0,0,0,0,0,0,0,0,0,0,0,0,0,0,12,0,0,0,#DIV/0!
Jamaica,2006,12,0,0,0,0,0,0,0,0,0,0,0,0,0,0,0,0,12,0,0,0,#DIV/0!
Jamaica,2007,12,0,0,0,0,0,0,0,0,0,0,0,0,0,0,0,0,12,0,0,0,#DIV/0!
Jamaica,2008,12,0,0,0,0,0,0,0,0,0,0,0,0,0,0,0,0,12,0,0,0,#DIV/0!
Jamaica,2009,12,0,0,0,0,0,0,0,0,0,0,0,0,0,0,0,0,12,0,0,0,#DIV/0!
Jamaica,2010,12,0,0,0,0,0,0,0,0,0,0,0,0,0,0,0,0,12,0,0,0,#DIV/0!
Jamaica,2011,10,0,0,0,0,0,0,0,0,0,0,31.96,25.84,0,11.3247270353,4.8166666667,0,31.96,31.96,57.8,1.9995804196,0.4052897473
Jamaica,2012,5,25.84,25.84,25.84,23.8,23.8,25.16,26.52,0,0,0,0,0,23.8,13.0296147528,14.7333333333,0,26.52,26.52,176.8,-3.1004195804,0.7360734347
Jamaica,2013,6,18.36,18.36,18.36,18.36,0,0,0,0,0,0,14.28,14.28,7.14,8.9908802279,8.5,0,18.36,18.36,102,-1.0556643357,0.1792217143
Jordan,2004,12,0,0,0,0,0,0,0,0,0,0,0,0,0,0,0,0,12,0,0,0,#DIV/0!
Jordan,2005,12,0,0,0,0,0,0,0,0,0,0,0,0,0,0,0,0,12,0,0,0,#DIV/0!
Jordan,2006,12,0,0,0,0,0,0,0,0,0,0,0,0,0,0,0,0,12,0,0,0,#DIV/0!
Jordan,2007,12,0,0,0,0,0,0,0,0,0,0,0,0,0,0,0,0,12,0,0,0,#DIV/0!
Jordan,2008,12,0,0,0,0,0,0,0,0,0,0,0,0,0,0,0,0,12,0,0,0,#DIV/0!
Jordan,2009,12,0,0,0,0,0,0,0,0,0,0,0,0,0,0,0,0,12,0,0,0,#DIV/0!
Jordan,2010,12,0,0,0,0,0,0,0,0,0,0,0,0,0,0,0,0,12,0,0,0,#DIV/0!
Jordan,2011,12,0,0,0,0,0,0,0,0,0,0,0,0,0,0,0,0,12,0,0,0,#DIV/0!
Jordan,2012,10,0,4.76,5.44,0,0,0,0,0,0,0,0,0,0,1.9904590608,0.85,0,10,5.44,10.2,-0.2829370629,0.2626736659
Jordan,2013,10,0,0,0,0,0,0,0,0,0,0,2.72,2.72,0,1.0587585641,0.4533333333,0,10,2.72,5.44,0.1902097902,0.4195804196
Kenya,2004,12,0,0,0,0,0,0,0,0,0,0,0,0,0,0,0,0,12,0,0,0,#DIV/0!
Kenya,2005,12,0,0,0,0,0,0,0,0,0,0,0,0,0,0,0,0,12,0,0,0,#DIV/0!
Kenya,2006,12,0,0,0,0,0,0,0,0,0,0,0,0,0,0,0,0,12,0,0,0,#DIV/0!
Kenya,2007,12,0,0,0,0,0,0,0,0,0,0,0,0,0,0,0,0,12,0,0,0,#DIV/0!
Kenya,2008,11,0,0,0,0,0,0,0,68,0,0,0,0,0,19.6299091524,5.6666666667,0,68,68,68,0.7132867133,0.0171646535
Kenya,2009,4,0,0,0,0,59.84,40.12,42.84,45.56,48.96,51.68,51.68,51.68,44.2,24.6467845343,32.6966666667,0,59.84,59.84,392.36,5.5945454545,0.6698112367
Kenya,2010,0,51.68,51.68,51.68,48.28,31.28,31.28,31.28,32.64,34.68,31.28,32.64,32.64,32.64,9.2580854098,38.42,31.28,51.68,20.4,461.04,-2.0542657343,0.6400504841
Kenya,2011,0,32.64,27.88,19.04,34.68,29.92,23.12,28.56,25.84,15.64,36.04,33.32,16.32,28.22,7.0516320913,26.9166666667,15.64,36.04,20.4,323,-0.3970629371,0.0412176059
Kenya,2012,0,23.12,26.52,30.6,23.12,25.84,21.08,23.12,13.6,17,24.48,25.16,13.6,23.12,5.1797402532,22.27,13.6,30.6,17,267.24,-0.786993007,0.3001021697
Kenya,2013,0,18.36,25.84,20.4,19.04,29.92,19.72,15.64,16.32,15.64,25.16,24.48,12.24,19.38,5.1716183505,20.23,12.24,29.92,17.68,242.76,-0.378041958,0.0694657013
Lesotho,2004,12,0,0,0,0,0,0,0,0,0,0,0,0,0,0,0,0,12,0,0,0,#DIV/0!
Lesotho,2005,12,0,0,0,0,0,0,0,0,0,0,0,0,0,0,0,0,12,0,0,0,#DIV/0!
Lesotho,2006,12,0,0,0,0,0,0,0,0,0,0,0,0,0,0,0,0,12,0,0,0,#DIV/0!
Lesotho,2007,12,0,0,0,0,0,0,0,0,0,0,0,0,0,0,0,0,12,0,0,0,#DIV/0!
Lesotho,2008,12,0,0,0,0,0,0,0,0,0,0,0,0,0,0,0,0,12,0,0,0,#DIV/0!
Lesotho,2009,12,0,0,0,0,0,0,0,0,0,0,0,0,0,0,0,0,12,0,0,0,#DIV/0!
Lesotho,2010,12,0,0,0,0,0,0,0,0,0,0,0,0,0,0,0,0,12,0,0,0,#DIV/0!
Lesotho,2011,12,0,0,0,0,0,0,0,0,0,0,0,0,0,0,0,0,12,0,0,0,#DIV/0!
Lesotho,2012,12,0,0,0,0,0,0,0,0,0,0,0,0,0,0,0,0,12,0,0,0,#DIV/0!
Lesotho,2013,12,0,0,0,0,0,0,0,0,0,0,0,0,0,0,0,0,12,0,0,0,#DIV/0!
Liberia,2004,12,0,0,0,0,0,0,0,0,0,0,0,0,0,0,0,0,12,0,0,0,#DIV/0!
Liberia,2005,12,0,0,0,0,0,0,0,0,0,0,0,0,0,0,0,0,12,0,0,0,#DIV/0!
Liberia,2006,12,0,0,0,0,0,0,0,0,0,0,0,0,0,0,0,0,12,0,0,0,#DIV/0!
Liberia,2007,12,0,0,0,0,0,0,0,0,0,0,0,0,0,0,0,0,12,0,0,0,#DIV/0!
Liberia,2008,12,0,0,0,0,0,0,0,0,0,0,0,0,0,0,0,0,12,0,0,0,#DIV/0!
Liberia,2009,12,0,0,0,0,0,0,0,0,0,0,0,0,0,0,0,0,12,0,0,0,#DIV/0!
Liberia,2010,12,0,0,0,0,0,0,0,0,0,0,0,0,0,0,0,0,12,0,0,0,#DIV/0!
Liberia,2011,12,0,0,0,0,0,0,0,0,0,0,0,0,0,0,0,0,12,0,0,0,#DIV/0!
Liberia,2012,12,0,0,0,0,0,0,0,0,0,0,0,0,0,0,0,0,12,0,0,0,#DIV/0!
Liberia,2013,12,0,0,0,0,0,0,0,0,0,0,0,0,0,0,0,0,12,0,0,0,#DIV/0!
Malaysia,2004,12,0,0,0,0,0,0,0,0,0,0,0,0,0,0,0,0,12,0,0,0,#DIV/0!
Malaysia,2005,12,0,0,0,0,0,0,0,0,0,0,0,0,0,0,0,0,12,0,0,0,#DIV/0!
Malaysia,2006,12,0,0,0,0,0,0,0,0,0,0,0,0,0,0,0,0,12,0,0,0,#DIV/0!
Malaysia,2007,0,12.2,10.08,10.08,9.28,7.43,9.02,10.61,7.69,7.16,7.69,8.49,6.36,8.755,1.6909408803,8.8408333333,6.36,12.2,5.84,106.09,-0.3619230769,0.5955511336
Malaysia,2008,0,7.69,5.83,7.96,6.1,7.43,5.57,6.36,7.43,8.22,6.36,4.51,6.63,6.495,1.1021421978,6.6741666667,4.51,8.22,3.71,80.09,-0.0816433566,0.071336171
Malaysia,2009,0,7.96,5.3,8.22,9.81,7.96,6.9,7.96,11.4,6.9,6.1,7.69,9.02,7.96,1.6319285858,7.935,5.3,11.4,6.1,95.22,0.053006993,0.0137153656
Malaysia,2010,0,9.81,8.49,11.93,5.83,7.43,7.16,12.73,8.22,7.96,9.02,5.83,7.16,8.09,2.1530716254,8.4641666667,5.83,12.73,6.9,101.57,-0.1918531469,0.1032200943
Malaysia,2011,0,9.81,9.28,7.69,7.69,7.16,8.22,8.49,7.16,6.63,8.22,8.75,6.63,7.955,1.0074732119,7.9775,6.63,9.81,3.18,95.73,-0.1436013986,0.264115371
Malaysia,2012,0,6.9,7.96,7.43,7.69,6.1,5.57,6.36,5.83,7.43,7.16,6.36,5.83,6.63,0.8125698105,6.7183333333,5.57,7.96,2.39,80.62,-0.1027272727,0.2077751015
Malaysia,2013,0,6.1,6.63,6.9,6.63,6.36,5.83,5.57,6.1,6.9,6.9,5.83,6.9,6.495,0.4884320926,6.3875,5.57,6.9,1.33,76.65,0.0066783217,0.0024303546
Malawi,2004,12,0,0,0,0,0,0,0,0,0,0,0,0,0,0,0,0,12,0,0,0,#DIV/0!
Malawi,2005,12,0,0,0,0,0,0,0,0,0,0,0,0,0,0,0,0,12,0,0,0,#DIV/0!
Malawi,2006,12,0,0,0,0,0,0,0,0,0,0,0,0,0,0,0,0,12,0,0,0,#DIV/0!
Malawi,2007,12,0,0,0,0,0,0,0,0,0,0,0,0,0,0,0,0,12,0,0,0,#DIV/0!
Malawi,2008,12,0,0,0,0,0,0,0,0,0,0,0,0,0,0,0,0,12,0,0,0,#DIV/0!
Malawi,2009,12,0,0,0,0,0,0,0,0,0,0,0,0,0,0,0,0,12,0,0,0,#DIV/0!
Malawi,2010,12,0,0,0,0,0,0,0,0,0,0,0,0,0,0,0,0,12,0,0,0,#DIV/0!
Malawi,2011,12,0,0,0,0,0,0,0,0,0,0,0,0,0,0,0,0,12,0,0,0,#DIV/0!
Malawi,2012,12,0,0,0,0,0,0,0,0,0,0,0,0,0,0,0,0,12,0,0,0,#DIV/0!
Malawi,2013,12,0,0,0,0,0,0,0,0,0,0,0,0,0,0,0,0,12,0,0,0,#DIV/0!
Namibia,2004,12,0,0,0,0,0,0,0,0,0,0,0,0,0,0,0,0,12,0,0,0,#DIV/0!
Namibia,2005,12,0,0,0,0,0,0,0,0,0,0,0,0,0,0,0,0,12,0,0,0,#DIV/0!
Namibia,2006,12,0,0,0,0,0,0,0,0,0,0,0,0,0,0,0,0,12,0,0,0,#DIV/0!
Namibia,2007,12,0,0,0,0,0,0,0,0,0,0,0,0,0,0,0,0,12,0,0,0,#DIV/0!
Namibia,2008,12,0,0,0,0,0,0,0,0,0,0,0,0,0,0,0,0,12,0,0,0,#DIV/0!
Namibia,2009,12,0,0,0,0,0,0,0,0,0,0,0,0,0,0,0,0,12,0,0,0,#DIV/0!
Namibia,2010,12,0,0,0,0,0,0,0,0,0,0,0,0,0,0,0,0,12,0,0,0,#DIV/0!
Namibia,2011,12,0,0,0,0,0,0,0,0,0,0,0,0,0,0,0,0,12,0,0,0,#DIV/0!
Namibia,2012,12,0,0,0,0,0,0,0,0,0,0,0,0,0,0,0,0,12,0,0,0,#DIV/0!
Namibia,2013,12,0,0,0,0,0,0,0,0,0,0,0,0,0,0,0,0,12,0,0,0,#DIV/0!
Netherlands,2004,12,0,0,0,0,0,0,0,0,0,0,0,0,0,0,0,0,12,0,0,0,#DIV/0!
Netherlands,2005,12,0,0,0,0,0,0,0,0,0,0,0,0,0,0,0,0,12,0,0,0,#DIV/0!
Netherlands,2006,8,0,0,0,1.59,0,0,0,0,0,1.33,1.06,1.06,0,0.6344217123,0.42,0,8,1.59,5.04,0.0788811189,0.2009710035
Netherlands,2007,0,1.06,1.06,1.06,1.33,1.06,1.06,1.06,1.06,1.06,1.59,0.8,0.8,1.06,0.2094292388,1.0833333333,0.8,1.59,0.79,13,-0.0099300699,0.0292262663
Netherlands,2008,0,0.8,0.8,0.8,0.8,0.8,0.8,1.06,0.8,1.06,1.06,1.33,1.06,0.8,0.1773265264,0.9308333333,0.8,1.33,0.53,11.17,0.0384965035,0.6126867808
Netherlands,2009,0,1.06,1.33,1.06,0.8,0.8,0.53,0.8,0.8,1.06,1.59,0.53,0.8,0.8,0.3090748659,0.93,0.53,1.59,1.06,11.16,-0.0167132867,0.0380136613
Netherlands,2010,0,1.33,0.8,1.06,1.33,1.06,1.06,0.53,0.8,1.06,1.06,1.06,1.06,1.06,0.2216108383,1.0175,0.53,1.33,0.8,12.21,-0.0115034965,0.0350284636
Netherlands,2011,0,0.8,1.06,0.8,0.53,0.8,0.8,0.8,0.8,1.06,1.06,1.06,0.53,0.8,0.1895848735,0.8416666667,0.53,1.06,0.53,10.1,0.0052447552,0.0099491605
Netherlands,2012,0,1.06,0.8,0.8,0.53,1.06,0.8,0.53,0.53,1.06,1.06,1.06,0.53,0.8,0.2384736819,0.8183333333,0.53,1.06,0.53,9.82,-0.0030769231,0.0021641916
Netherlands,2013,0,0.53,0.8,0.8,0.8,0.53,0.8,0.53,0.53,0.8,1.06,0.8,0.8,0.8,0.1660138731,0.7316666667,0.53,1.06,0.53,8.78,0.0158041958,0.1178146757
New Zealand,2004,11,0,0,0,0,0,0,0,0,0,26.52,0,0,0,7.6556645695,2.21,0,26.52,26.52,26.52,0.6490909091,0.0934520025
New Zealand,2005,11,0,0,0,0,12.46,0,0,0,0,0,0,0,0,3.5968921771,1.0383333333,0,12.46,12.46,12.46,-0.1306993007,0.0171646535
New Zealand,2006,4,0,0,0,0,10.61,11.67,11.93,10.08,12.2,8.22,9.02,9.81,9.415,5.2667012849,6.9616666667,0,12.2,12.2,83.54,1.070979021,0.5375611891
New Zealand,2007,0,10.61,11.4,12.2,7.69,6.9,5.3,5.3,10.87,5.83,9.28,5.04,5.3,7.295,2.7390686318,7.9766666667,5.04,12.2,7.16,95.72,-0.4667132867,0.3774312482
New Zealand,2008,0,5.57,5.83,6.1,7.43,9.02,4.77,5.3,5.57,5.57,5.83,5.3,5.3,5.57,1.1582389323,5.9658333333,4.77,9.02,4.25,71.59,-0.1005244755,0.097924343
New Zealand,2009,0,5.3,5.3,6.9,6.63,6.63,5.83,6.63,8.49,5.04,7.43,5.83,5.04,6.23,1.0596522443,6.2541666667,5.04,8.49,3.45,75.05,0.0141608392,0.0023216386
New Zealand,2010,0,5.04,5.04,6.63,5.3,9.28,7.96,3.98,7.43,6.63,5.04,3.71,4.24,5.17,1.7286112836,5.8566666667,3.71,9.28,5.57,70.28,-0.1216083916,0.0643392145
New Zealand,2011,0,4.77,4.51,7.69,6.1,6.63,7.43,5.83,10.34,6.9,5.83,6.36,4.77,6.23,1.6002272566,6.43,4.51,10.34,5.83,77.16,0.06,0.0182760579
New Zealand,2012,0,2.92,3.98,5.57,7.96,7.16,4.24,2.92,5.04,5.3,5.3,4.51,3.45,4.775,1.5556414929,4.8625,2.92,7.96,5.04,58.35,-0.0429020979,0.0098873834
New Zealand,2013,0,2.65,3.98,5.83,4.77,7.43,5.04,3.71,6.9,6.36,4.77,3.71,2.12,4.77,1.6438653174,4.7725,2.12,7.43,5.31,57.27,-0.0372377622,0.0066708018
Nigeria,2004,12,0,0,0,0,0,0,0,0,0,0,0,0,0,0,0,0,12,0,0,0,#DIV/0!
Nigeria,2005,12,0,0,0,0,0,0,0,0,0,0,0,0,0,0,0,0,12,0,0,0,#DIV/0!
Nigeria,2006,12,0,0,0,0,0,0,0,0,0,0,0,0,0,0,0,0,12,0,0,0,#DIV/0!
Nigeria,2007,12,0,0,0,0,0,0,0,0,0,0,0,0,0,0,0,0,12,0,0,0,#DIV/0!
Nigeria,2008,12,0,0,0,0,0,0,0,0,0,0,0,0,0,0,0,0,12,0,0,0,#DIV/0!
Nigeria,2009,12,0,0,0,0,0,0,0,0,0,0,0,0,0,0,0,0,12,0,0,0,#DIV/0!
Nigeria,2010,4,0,0,0,0,49,51,29,29,23,32,40,26,27.5,19.1317204473,23.25,0,51,51,279,3.1573426573,0.3540615237
Nigeria,2011,0,29,19,37,25,27,30,25,22,22,19,28,19,25,5.4244117123,25.1666666667,19,37,18,302,-0.6643356643,0.1949903855
Nigeria,2012,0,19,18,22,16,24,15,15,19,22,15,16,12,17,3.5707142143,17.75,12,24,12,213,-0.451048951,0.207434277
Nigeria,2013,0,15,20,22,24,16,16,13,16,15,17,13,12,16,3.6793856536,16.5833333333,12,24,12,199,-0.6258741259,0.3761549027
Pakistan,2004,12,0,0,0,0,0,0,0,0,0,0,0,0,0,0,0,0,12,0,0,0,#DIV/0!
Pakistan,2005,12,0,0,0,0,0,0,0,0,0,0,0,0,0,0,0,0,12,0,0,0,#DIV/0!
Pakistan,2006,11,0,0,0,0,0,0,0,0,0,0,30,0,0,8.6602540378,2.5,0,30,30,30,0.9440559441,0.1544818818
Pakistan,2007,7,0,0,0,0,25,25,20,19,24,0,0,0,0,11.7663490385,9.4166666667,0,25,25,113,0.3391608392,0.0108011824
Pakistan,2008,10,0,0,23,28,0,0,0,0,0,0,0,0,0,9.9829399933,4.25,0,28,28,51,-1.0524475524,0.1444865283
Pakistan,2009,1,0,28,23,21,21,21,23,16,16,16,6,6,18.5,8.3715789032,16.4166666667,0,28,28,197,-0.7657342657,0.1087638985
Pakistan,2010,5,11,17,23,23,17,10,13,0,0,0,0,0,10.5,9.25890235,9.5,0,23,23,114,-2.0909090909,0.6629711752
Pakistan,2011,0,7,11,11,7,9,10,8,4,8,8,9,7,8,1.9598237398,8.25,4,11,7,99,-0.1783216783,0.1076261017
Pakistan,2012,0,9,8,7,10,7,7,7,5,6,6,7,8,7,1.3568010506,7.25,5,10,5,87,-0.1853146853,0.2425105758
Pakistan,2013,0,7,7,8,7,8,6,6,5,7,5,5,5,6.5,1.1547005384,6.3333333333,5,8,3,76,-0.2447552448,0.5840750159
Philippines,2004,0,65,65,61,51,49,50,78,70,81,60,55,78,63,11.333444741,63.5833333333,49,81,32,763,1.0034965035,0.101918076
Philippines,2005,0,100,90,67,49,73,47,73,82,67,52,38,61,67,18.4364181758,66.5833333333,38,100,62,799,-3.0034965035,0.3450201925
Philippines,2006,0,81,93,66,45,52,46,63,63,85,51,45,45,57.5,17.0727054894,61.25,45,93,48,735,-2.3881118881,0.2543595196
Philippines,2007,0,51,70,47,37,36,39,46,59,60,36,41,30,43.5,11.9772511644,46,30,70,40,552,-1.3216783217,0.158299875
Philippines,2008,0,55,54,43,28,25,28,39,50,51,34,32,34,36.5,10.8582464124,39.4166666667,25,55,30,473,-1.0174825175,0.1141505157
Philippines,2009,0,41,42,38,30,25,25,37,36,39,28,31,35,35.5,5.9613655137,33.9166666667,25,42,17,407,-0.506993007,0.0940276948
Philippines,2010,0,44,37,32,15,22,24,37,35,41,25,26,23,29,8.8364774279,30.0833333333,15,44,29,361,-0.6888111888,0.0789924154
Philippines,2011,0,25,31,27,16,17,20,23,35,36,30,30,24,26,6.5342918283,26.1666666667,16,36,20,314,0.5524475524,0.0929241092
Philippines,2012,0,32,28,25,17,18,23,23,21,26,20,23,18,23,4.4483568638,22.8333333333,17,32,15,274,-0.6293706294,0.2602298161
Philippines,2013,0,24,22,20,18,17,18,25,22,22,26,24,19,22,2.9987371079,21.4166666667,17,26,9,257,0.1643356643,0.0390418343
Puerto Rico,2004,12,0,0,0,0,0,0,0,0,0,0,0,0,0,0,0,0,12,0,0,0,#DIV/0!
Puerto Rico,2005,12,0,0,0,0,0,0,0,0,0,0,0,0,0,0,0,0,12,0,0,0,#DIV/0!
Puerto Rico,2006,12,0,0,0,0,0,0,0,0,0,0,0,0,0,0,0,0,12,0,0,0,#DIV/0!
Puerto Rico,2007,9,0,0,0,0,0,0,0,0,0,29,29,30,0,13.2687831417,7.3333333333,0,30,30,88,2.7762237762,0.5691019824
Puerto Rico,2008,8,30,31,31,29,0,0,0,0,0,0,0,0,0,14.9024606469,10.0833333333,0,31,31,121,-3.3951048951,0.674735839
Puerto Rico,2009,2,0,0,32,19,17,17,17,17,17,21,25,29,17,9.6620940073,17.5833333333,0,32,32,211,1.5979020979,0.3555503978
Puerto Rico,2010,0,32,36,21,20,20,20,20,20,22,59,25,22,21.5,11.5243484007,26.4166666667,20,59,39,317,0.2342657343,0.0053719026
Puerto Rico,2011,0,17,18,18,13,17,14,18,10,22,37,40,28,18,9.3419873299,21,10,40,30,252,1.6783216783,0.4195804196
Puerto Rico,2012,0,23,27,35,17,16,12,12,8,15,21,7,7,15.5,8.5846939198,16.6666666667,7,35,28,200,-1.7062937063,0.5135719544
Puerto Rico,2013,0,13,14,16,16,8,7,11,16,8,15,14,7,13.5,3.6793856536,12.0833333333,7,16,9,145,-0.2972027972,0.0848200484
Rwanda,2004,12,0,0,0,0,0,0,0,0,0,0,0,0,0,0,0,0,12,0,0,0,#DIV/0!
Rwanda,2005,12,0,0,0,0,0,0,0,0,0,0,0,0,0,0,0,0,12,0,0,0,#DIV/0!
Rwanda,2006,12,0,0,0,0,0,0,0,0,0,0,0,0,0,0,0,0,12,0,0,0,#DIV/0!
Rwanda,2007,12,0,0,0,0,0,0,0,0,0,0,0,0,0,0,0,0,12,0,0,0,#DIV/0!
Rwanda,2008,12,0,0,0,0,0,0,0,0,0,0,0,0,0,0,0,0,12,0,0,0,#DIV/0!
Rwanda,2009,12,0,0,0,0,0,0,0,0,0,0,0,0,0,0,0,0,12,0,0,0,#DIV/0!
Rwanda,2010,12,0,0,0,0,0,0,0,0,0,0,0,0,0,0,0,0,12,0,0,0,#DIV/0!
Rwanda,2011,12,0,0,0,0,0,0,0,0,0,0,0,0,0,0,0,0,12,0,0,0,#DIV/0!
Rwanda,2012,12,0,0,0,0,0,0,0,0,0,0,0,0,0,0,0,0,12,0,0,0,#DIV/0!
Rwanda,2013,11,0,0,0,0,0,0,0,0,0,46,0,0,0,13.2790561914,3.8333333333,0,46,46,46,1.1258741259,0.0934520025
Sierra Leone,2004,12,0,0,0,0,0,0,0,0,0,0,0,0,0,0,0,0,12,0,0,0,#DIV/0!
Sierra Leone,2005,12,0,0,0,0,0,0,0,0,0,0,0,0,0,0,0,0,12,0,0,0,#DIV/0!
Sierra Leone,2006,12,0,0,0,0,0,0,0,0,0,0,0,0,0,0,0,0,12,0,0,0,#DIV/0!
Sierra Leone,2007,12,0,0,0,0,0,0,0,0,0,0,0,0,0,0,0,0,12,0,0,0,#DIV/0!
Sierra Leone,2008,12,0,0,0,0,0,0,0,0,0,0,0,0,0,0,0,0,12,0,0,0,#DIV/0!
Sierra Leone,2009,12,0,0,0,0,0,0,0,0,0,0,0,0,0,0,0,0,12,0,0,0,#DIV/0!
Sierra Leone,2010,12,0,0,0,0,0,0,0,0,0,0,0,0,0,0,0,0,12,0,0,0,#DIV/0!
Sierra Leone,2011,12,0,0,0,0,0,0,0,0,0,0,0,0,0,0,0,0,12,0,0,0,#DIV/0!
Sierra Leone,2012,12,0,0,0,0,0,0,0,0,0,0,0,0,0,0,0,0,12,0,0,0,#DIV/0!
Sierra Leone,2013,12,0,0,0,0,0,0,0,0,0,0,0,0,0,0,0,0,12,0,0,0,#DIV/0!
Singapore,2004,12,0,0,0,0,0,0,0,0,0,0,0,0,0,0,0,0,12,0,0,0,#DIV/0!
Singapore,2005,12,0,0,0,0,0,0,0,0,0,0,0,0,0,0,0,0,12,0,0,0,#DIV/0!
Singapore,2006,12,0,0,0,0,0,0,0,0,0,0,0,0,0,0,0,0,12,0,0,0,#DIV/0!
Singapore,2007,6,13.65,7.8,7.8,0,0,0,0,0,0,7.15,7.15,7.15,3.575,4.7401812393,4.225,0,13.65,13.65,50.7,-0.2863636364,0.0474448628
Singapore,2008,0,7.15,9.1,6.5,5.85,7.8,5.85,5.2,5.2,6.5,6.5,6.5,6.5,6.5,1.0897160459,6.5541666667,5.2,9.1,3.9,78.65,-0.125,0.1710553597
Singapore,2009,0,7.15,5.2,9.75,5.85,4.55,6.5,7.8,7.8,5.2,5.2,5.2,7.15,6.175,1.529625375,6.4458333333,4.55,9.75,5.2,77.35,-0.0840909091,0.0392890283
Singapore,2010,0,5.2,6.5,10.4,4.55,6.5,8.45,8.45,5.85,7.15,9.1,9.1,9.75,7.8,1.8865954586,7.5833333333,4.55,10.4,5.85,91,0.2636363636,0.2538612467
Singapore,2011,0,6.5,10.4,11.05,8.45,7.8,9.75,9.1,10.4,11.7,17.55,13.65,10.4,10.4,2.8820072708,10.5625,6.5,17.55,11.05,126.75,0.4931818182,0.3806863657
Singapore,2012,0,12.35,10.4,9.1,9.1,10.4,7.8,7.15,5.85,7.15,6.5,7.15,6.5,7.475,1.9817491126,8.2875,5.85,12.35,6.5,99.45,-0.475,0.7468497273
Singapore,2013,0,8.45,8.45,9.1,9.1,6.5,6.5,6.5,4.55,3.9,7.8,7.8,6.5,7.15,1.6735181143,7.0958333333,3.9,9.1,5.2,85.15,-0.2386363636,0.2643356643
South Africa,2004,8,0,0,0,0,43.55,50.7,57.85,65,0,0,0,0,0,27.1544641678,18.0916666667,0,65,65,217.1,0.25,0.0011018967
South Africa,2005,1,0,39.65,46.15,40.3,45.5,29.9,25.35,49.4,25.35,34.45,26,20.15,32.175,13.8552746766,31.85,0,49.4,49.4,382.2,-0.1772727273,0.002128124
South Africa,2006,0,20.15,22.1,33.15,35.1,36.4,26.65,16.9,39.65,31.2,36.4,21.45,12.35,28.925,8.9015703415,27.625,12.35,39.65,27.3,331.5,-0.3090909091,0.0156740981
South Africa,2007,0,12.35,20.8,20.15,29.25,29.25,15.6,18.2,27.3,22.75,19.5,22.1,13.65,20.475,5.6314390755,20.9083333333,12.35,29.25,16.9,250.9,-0.05,0.0010248129
South Africa,2008,0,13.65,27.95,18.85,20.15,28.6,19.5,20.15,16.9,19.5,14.95,7.8,9.1,19.175,6.3131476565,18.0916666667,7.8,28.6,20.8,217.1,-1.0363636364,0.3503287589
South Africa,2009,0,10.4,19.5,25.35,21.45,28.6,24.05,18.85,31.2,22.1,26.65,16.25,7.15,21.775,7.1156717245,20.9625,7.15,31.2,24.05,251.55,-0.175,0.0078629885
South Africa,2010,0,9.1,28.6,29.25,24.7,29.9,15.6,16.25,24.05,18.85,17.55,13.65,8.45,18.2,7.5554954413,19.6625,8.45,29.9,21.45,235.95,-0.9431818182,0.2025854717
South Africa,2011,0,7.8,16.25,16.9,16.9,21.45,13,12.35,22.75,21.45,16.25,12.35,9.75,16.25,4.7361280695,15.6,7.8,22.75,14.95,187.2,0.0272727273,0.0004310758
South Africa,2012,0,12.35,23.4,18.85,17.55,20.8,10.4,12.35,15.6,14.95,13,9.1,5.2,13.975,5.1564225178,14.4625,5.2,23.4,18.2,173.55,-0.9613636364,0.4518785656
South Africa,2013,0,7.8,16.25,14.3,15.6,13.65,8.45,9.1,13.65,10.4,13.65,7.8,4.55,12.025,3.7219455649,11.2666666667,4.55,16.25,11.7,135.2,-0.4954545455,0.2303620594
Suriname,2004,12,0,0,0,0,0,0,0,0,0,0,0,0,0,0,0,0,12,0,0,0,#DIV/0!
Suriname,2005,12,0,0,0,0,0,0,0,0,0,0,0,0,0,0,0,0,12,0,0,0,#DIV/0!
Suriname,2006,12,0,0,0,0,0,0,0,0,0,0,0,0,0,0,0,0,12,0,0,0,#DIV/0!
Suriname,2007,12,0,0,0,0,0,0,0,0,0,0,0,0,0,0,0,0,12,0,0,0,#DIV/0!
Suriname,2008,12,0,0,0,0,0,0,0,0,0,0,0,0,0,0,0,0,12,0,0,0,#DIV/0!
Suriname,2009,12,0,0,0,0,0,0,0,0,0,0,0,0,0,0,0,0,12,0,0,0,#DIV/0!
Suriname,2010,12,0,0,0,0,0,0,0,0,0,0,0,0,0,0,0,0,12,0,0,0,#DIV/0!
Suriname,2011,12,0,0,0,0,0,0,0,0,0,0,0,0,0,0,0,0,12,0,0,0,#DIV/0!
Suriname,2012,12,0,0,0,0,0,0,0,0,0,0,0,0,0,0,0,0,12,0,0,0,#DIV/0!
Suriname,2013,12,0,0,0,0,0,0,0,0,0,0,0,0,0,0,0,0,12,0,0,0,#DIV/0!
Swaziland,2004,12,0,0,0,0,0,0,0,0,0,0,0,0,0,0,0,0,12,0,0,0,#DIV/0!
Swaziland,2005,12,0,0,0,0,0,0,0,0,0,0,0,0,0,0,0,0,12,0,0,0,#DIV/0!
Swaziland,2006,12,0,0,0,0,0,0,0,0,0,0,0,0,0,0,0,0,12,0,0,0,#DIV/0!
Swaziland,2007,12,0,0,0,0,0,0,0,0,0,0,0,0,0,0,0,0,12,0,0,0,#DIV/0!
Swaziland,2008,12,0,0,0,0,0,0,0,0,0,0,0,0,0,0,0,0,12,0,0,0,#DIV/0!
Swaziland,2009,12,0,0,0,0,0,0,0,0,0,0,0,0,0,0,0,0,12,0,0,0,#DIV/0!
Swaziland,2010,12,0,0,0,0,0,0,0,0,0,0,0,0,0,0,0,0,12,0,0,0,#DIV/0!
Swaziland,2011,12,0,0,0,0,0,0,0,0,0,0,0,0,0,0,0,0,12,0,0,0,#DIV/0!
Swaziland,2012,12,0,0,0,0,0,0,0,0,0,0,0,0,0,0,0,0,12,0,0,0,#DIV/0!
Swaziland,2013,12,0,0,0,0,0,0,0,0,0,0,0,0,0,0,0,0,12,0,0,0,#DIV/0!
Tanzania,2004,12,0,0,0,0,0,0,0,0,0,0,0,0,0,0,0,0,12,0,0,0,#DIV/0!
Tanzania,2005,12,0,0,0,0,0,0,0,0,0,0,0,0,0,0,0,0,12,0,0,0,#DIV/0!
Tanzania,2006,12,0,0,0,0,0,0,0,0,0,0,0,0,0,0,0,0,12,0,0,0,#DIV/0!
Tanzania,2007,12,0,0,0,0,0,0,0,0,0,0,0,0,0,0,0,0,12,0,0,0,#DIV/0!
Tanzania,2008,12,0,0,0,0,0,0,0,0,0,0,0,0,0,0,0,0,12,0,0,0,#DIV/0!
Tanzania,2009,12,0,0,0,0,0,0,0,0,0,0,0,0,0,0,0,0,12,0,0,0,#DIV/0!
Tanzania,2010,12,0,0,0,0,0,0,0,0,0,0,0,0,0,0,0,0,12,0,0,0,#DIV/0!
Tanzania,2011,12,0,0,0,0,0,0,0,0,0,0,0,0,0,0,0,0,12,0,0,0,#DIV/0!
Tanzania,2012,4,0,0,0,0,24.2,29.7,25.85,20.9,20.9,20.9,20.9,20.9,20.9,11.6423884291,15.3541666667,0,29.7,29.7,184.25,2.2903846154,0.50312514
Tanzania,2013,0,24.75,19.8,19.8,14.85,14.85,13.75,13.75,12.1,12.1,10.45,14.85,8.25,14.3,4.5465188148,14.9416666667,8.25,24.75,16.5,179.3,-1.0961538462,0.7556634053
Thailand,2004,11,0,0,0,0,0,0,0,15.95,0,0,0,0,0,4.6043683968,1.3291666667,0,15.95,15.95,15.95,0.1673076923,0.0171646535
Thailand,2005,12,0,0,0,0,0,0,0,0,0,0,0,0,0,0,0,0,12,0,0,0,#DIV/0!
Thailand,2006,10,0,0,0,0,0,0,0,0,0,0,4.95,3.85,0,1.7286796503,0.7333333333,0,10,4.95,8.8,0.3038461538,0.4016259814
Thailand,2007,0,3.85,3.85,3.85,3.85,3.85,3.3,3.85,2.2,2.75,3.85,3.3,2.75,3.85,0.5804093383,3.4375,2.2,3.85,1.65,41.25,-0.0942307692,0.3426573427
Thailand,2008,0,2.75,2.75,2.2,2.2,2.2,2.75,2.75,2.75,2.2,2.2,1.65,1.65,2.2,0.4145780988,2.3375,1.65,2.75,1.1,28.05,-0.0711538462,0.3829370629
Thailand,2009,0,1.65,2.75,2.75,1.65,1.65,2.75,2.2,2.75,2.2,1.65,1.65,1.65,1.925,0.5155902766,2.1083333333,1.65,2.75,1.1,25.3,-0.0423076923,0.0875331565
Thailand,2010,0,3.3,2.75,1.65,2.75,2.75,2.2,2.2,2.75,2.75,2.75,2.75,2.2,2.75,0.4281744193,2.5666666667,1.65,3.3,1.65,30.8,-0.0153846154,0.0167832168
Thailand,2011,0,1.1,1.65,1.65,1.1,1.1,1.65,1.65,1.1,1.65,1.65,1.65,1.1,1.65,0.2832107578,1.4208333333,1.1,1.65,0.55,17.05,0.0096153846,0.014985015
Thailand,2012,0,2.2,1.1,1.65,1.65,1.1,1.65,1.65,1.65,1.65,1.65,1.1,1.1,1.65,0.3418698583,1.5125,1.1,2.2,1.1,18.15,-0.0365384615,0.1484985603
Thailand,2013,0,1.1,1.65,0.55,1.1,1.1,1.65,1.1,1.1,1.1,1.1,1.1,1.1,1.1,0.2832107578,1.1458333333,0.55,1.65,1.1,13.75,-0.0057692308,0.0053946054
Uganda,2004,12,0,0,0,0,0,0,0,0,0,0,0,0,0,0,0,0,12,0,0,0,#DIV/0!
Uganda,2005,12,0,0,0,0,0,0,0,0,0,0,0,0,0,0,0,0,12,0,0,0,#DIV/0!
Uganda,2006,12,0,0,0,0,0,0,0,0,0,0,0,0,0,0,0,0,12,0,0,0,#DIV/0!
Uganda,2007,12,0,0,0,0,0,0,0,0,0,0,0,0,0,0,0,0,12,0,0,0,#DIV/0!
Uganda,2008,12,0,0,0,0,0,0,0,0,0,0,0,0,0,0,0,0,12,0,0,0,#DIV/0!
Uganda,2009,12,0,0,0,0,0,0,0,0,0,0,0,0,0,0,0,0,12,0,0,0,#DIV/0!
Uganda,2010,12,0,0,0,0,0,0,0,0,0,0,0,0,0,0,0,0,12,0,0,0,#DIV/0!
Uganda,2011,11,0,0,0,0,0,0,0,0,0,55,0,0,0,15.8771324027,4.5833333333,0,55,55,55,1.3461538462,0.0934520025
Uganda,2012,7,0,0,0,0,0,46.2,31.9,31.9,29.15,29.15,0,0,0,17.8598012307,14.025,0,46.2,46.2,168.3,1.5076923077,0.0926436267
Uganda,2013,3,0,0,0,28.6,23.1,23.65,23.65,24.2,24.2,20.35,18.7,19.25,21.725,10.6593073571,17.1416666667,0,28.6,28.6,205.7,1.7615384615,0.355033752
United Kingdom,2004,0,6.6,7.7,6.6,6.05,5.5,6.05,4.4,4.4,6.05,7.7,7.7,5.5,6.05,1.1519006034,6.1875,4.4,7.7,3.3,74.25,-0.0326923077,0.0104713939
United Kingdom,2005,0,6.05,6.05,6.05,5.5,6.6,3.85,4.4,2.75,4.4,4.95,6.05,4.95,5.225,1.1328430312,5.1333333333,2.75,6.6,3.85,61.6,-0.1269230769,0.1631868132
United Kingdom,2006,0,4.95,4.95,6.05,3.3,4.4,3.3,2.2,2.2,2.75,4.4,5.5,3.3,3.85,1.2809501682,3.9416666667,2.2,6.05,3.85,47.3,-0.1230769231,0.1200140641
United Kingdom,2007,0,4.4,4.4,4.4,3.3,4.4,3.85,2.75,2.2,3.3,3.85,4.4,3.3,3.85,0.7462405778,3.7125,2.2,4.4,2.2,44.55,-0.0826923077,0.159630493
United Kingdom,2008,0,3.3,4.4,3.85,3.85,3.85,3.85,3.85,2.75,3.3,3.85,5.5,3.85,3.85,0.6633249581,3.85,2.75,5.5,2.75,46.2,0.0346153846,0.0354020979
United Kingdom,2009,0,3.85,4.4,5.5,4.4,4.4,3.85,2.75,2.75,3.85,4.4,4.4,3.3,4.125,0.7822243924,3.9875,2.75,5.5,2.75,47.85,-0.0788461538,0.1320814017
United Kingdom,2010,0,3.85,4.4,4.95,4.95,4.95,3.85,3.3,3.3,3.85,4.4,4.95,3.85,4.125,0.6350852961,4.2166666667,3.3,4.95,1.65,50.6,-0.0346153846,0.0386204704
United Kingdom,2011,0,3.85,3.85,4.4,3.3,3.3,3.3,2.75,2.2,3.3,3.3,4.4,3.3,3.3,0.6259992013,3.4375,2.2,4.4,2.2,41.25,-0.0442307692,0.0649000123
United Kingdom,2012,0,4.4,3.85,3.85,3.3,3.85,2.75,2.2,2.2,2.75,3.3,3.3,2.75,3.3,0.6970174555,3.2083333333,2.2,4.4,2.2,38.5,-0.1230769231,0.4053305185
United Kingdom,2013,0,3.3,4.4,3.85,3.3,3.3,3.3,2.2,2.2,2.75,3.3,3.85,2.75,3.3,0.6563789556,3.2083333333,2.2,4.4,2.2,38.5,-0.0769230769,0.1785448594
United States,2004,0,7.7,10.45,9.9,10.45,9.9,7.15,7.15,6.6,8.8,8.25,9.35,7.15,8.525,1.416053789,8.5708333333,6.6,10.45,3.85,102.85,-0.1596153846,0.1651708292
United States,2005,0,8.25,9.9,9.35,9.35,8.25,6.6,6.05,6.6,6.6,7.15,8.25,7.15,7.7,1.2809501682,7.7916666667,6.05,9.9,3.85,93.5,-0.2153846154,0.3675430715
United States,2006,0,7.15,8.25,8.25,7.7,7.15,6.05,4.95,4.95,6.6,6.6,6.6,5.5,6.6,1.1358733791,6.6458333333,4.95,8.25,3.3,79.75,-0.2019230769,0.4108236346
United States,2007,0,6.05,7.15,7.15,7.15,10.45,12.1,6.05,4.95,6.05,6.6,6.6,5.5,6.6,2.0712315177,7.15,4.95,12.1,7.15,85.8,-0.15,0.0681818182
United States,2008,0,5.5,6.6,7.15,7.15,6.05,4.95,4.95,4.95,6.05,7.15,6.6,5.5,6.05,0.8774964387,6.05,4.95,7.15,2.2,72.6,-0.0307692308,0.015984016
United States,2009,0,6.05,7.15,8.8,8.25,6.6,6.05,5.5,5.5,6.6,6.6,6.05,5.5,6.325,1.0607583765,6.5541666667,5.5,8.8,3.3,78.65,-0.1519230769,0.2666600202
United States,2010,0,5.5,6.6,7.15,7.15,6.05,5.5,4.95,4.95,9.9,9.35,8.25,7.15,6.875,1.6332482971,6.875,4.95,9.9,4.95,82.5,0.2038461538,0.2025088314
United States,2011,0,8.25,8.25,8.8,8.8,8.25,7.7,7.7,7.7,8.8,8.8,8.8,7.15,8.25,0.5744562647,8.25,7.15,8.8,1.65,99,-0.0307692308,0.0372960373
United States,2012,0,8.8,7.7,7.7,6.6,6.05,5.5,4.95,4.95,5.5,5.5,5.5,4.95,5.5,1.2809501682,6.1416666667,4.95,8.8,3.85,73.7,-0.3038461538,0.7314529046
United States,2013,0,4.95,6.05,6.05,6.05,6.05,6.6,4.95,4.95,5.5,6.05,6.05,5.5,6.05,0.5479127059,5.7291666667,4.95,6.6,1.65,68.75,-0.0057692308,0.0014413068
Vanuatu,2004,12,0,0,0,0,0,0,0,0,0,0,0,0,0,0,0,0,12,0,0,0,#DIV/0!
Vanuatu,2005,12,0,0,0,0,0,0,0,0,0,0,0,0,0,0,0,0,12,0,0,0,#DIV/0!
Vanuatu,2006,12,0,0,0,0,0,0,0,0,0,0,0,0,0,0,0,0,12,0,0,0,#DIV/0!
Vanuatu,2007,12,0,0,0,0,0,0,0,0,0,0,0,0,0,0,0,0,12,0,0,0,#DIV/0!
Vanuatu,2008,12,0,0,0,0,0,0,0,0,0,0,0,0,0,0,0,0,12,0,0,0,#DIV/0!
Vanuatu,2009,12,0,0,0,0,0,0,0,0,0,0,0,0,0,0,0,0,12,0,0,0,#DIV/0!
Vanuatu,2010,12,0,0,0,0,0,0,0,0,0,0,0,0,0,0,0,0,12,0,0,0,#DIV/0!
Vanuatu,2011,12,0,0,0,0,0,0,0,0,0,0,0,0,0,0,0,0,12,0,0,0,#DIV/0!
Vanuatu,2012,12,0,0,0,0,0,0,0,0,0,0,0,0,0,0,0,0,12,0,0,0,#DIV/0!
Vanuatu,2013,12,0,0,0,0,0,0,0,0,0,0,0,0,0,0,0,0,12,0,0,0,#DIV/0!
Zambia,2004,12,0,0,0,0,0,0,0,0,0,0,0,0,0,0,0,0,12,0,0,0,#DIV/0!
Zambia,2005,12,0,0,0,0,0,0,0,0,0,0,0,0,0,0,0,0,12,0,0,0,#DIV/0!
Zambia,2006,12,0,0,0,0,0,0,0,0,0,0,0,0,0,0,0,0,12,0,0,0,#DIV/0!
Zambia,2007,12,0,0,0,0,0,0,0,0,0,0,0,0,0,0,0,0,12,0,0,0,#DIV/0!
Zambia,2008,12,0,0,0,0,0,0,0,0,0,0,0,0,0,0,0,0,12,0,0,0,#DIV/0!
Zambia,2009,12,0,0,0,0,0,0,0,0,0,0,0,0,0,0,0,0,12,0,0,0,#DIV/0!
Zambia,2010,12,0,0,0,0,0,0,0,0,0,0,0,0,0,0,0,0,12,0,0,0,#DIV/0!
Zambia,2011,12,0,0,0,0,0,0,0,0,0,0,0,0,0,0,0,0,12,0,0,0,#DIV/0!
Zambia,2012,11,0,0,0,0,0,60,0,0,0,0,0,0,0,17.3205080757,5,0,60,60,60,-0.2097902098,0.0019071837
Zambia,2013,9,0,0,0,44.4,0,0,0,0,0,0,35.4,36.6,0,17.671240117,9.7,0,44.4,44.4,116.4,1.7454545455,0.1268312823
Zimbabwe,2004,12,0,0,0,0,0,0,0,0,0,0,0,0,0,0,0,0,12,0,0,0,#DIV/0!
Zimbabwe,2005,12,0,0,0,0,0,0,0,0,0,0,0,0,0,0,0,0,12,0,0,0,#DIV/0!
Zimbabwe,2006,12,0,0,0,0,0,0,0,0,0,0,0,0,0,0,0,0,12,0,0,0,#DIV/0!
Zimbabwe,2007,12,0,0,0,0,0,0,0,0,0,0,0,0,0,0,0,0,12,0,0,0,#DIV/0!
Zimbabwe,2008,12,0,0,0,0,0,0,0,0,0,0,0,0,0,0,0,0,12,0,0,0,#DIV/0!
Zimbabwe,2009,12,0,0,0,0,0,0,0,0,0,0,0,0,0,0,0,0,12,0,0,0,#DIV/0!
Zimbabwe,2010,12,0,0,0,0,0,0,0,0,0,0,0,0,0,0,0,0,12,0,0,0,#DIV/0!
Zimbabwe,2011,9,0,0,0,0,0,0,0,0,0,50.4,28.8,28.8,0,17.1279675597,9,0,50.4,50.4,108,3.2475524476,0.4673519252
Zimbabwe,2012,0,28.8,28.8,28.8,31.2,33.6,36,27.6,30.6,33,35.4,37.2,25.8,30.9,3.6301765547,31.4,25.8,37.2,11.4,376.8,0.2811188811,0.0779592924
Zimbabwe,2013,0,25.8,28.2,28.8,29.4,25.8,25.8,25.8,25.8,25.8,26.4,27,27.6,26.1,1.3324618364,26.85,25.8,29.4,3.6,322.2,-0.0902097902,0.0595855757
